config	coverage	replicate	region	phased_snv	phased_indel	snv_pairs	snv_sw	all_pairs	all_sw	indel_pairs	indel_sw	indel_sw_rate%	snv_indel_sw_rate%	indel_hamming	indels_in_blocks	indel_hamming%	snv_sw_rate%
longphase_coh_indel	10	1	all	1874069	159269	1869885	2888	2029144	3011	300934	469	0.1558	0.1484	17699	159259	11.1133	0.1544
longphase_coh_indel	10	1	v5bed	1795966	150763	1784630	1864	1934532	1939	284568	359	0.1262	0.1002				0.1044
longphase_coh_indel	10	10	all	1873934	159061	1869709	3006	2028755	3158	300455	522	0.1737	0.1557	17834	159046	11.2131	0.1608
longphase_coh_indel	10	10	v5bed	1794425	150487	1783024	1916	1932635	2010	283934	382	0.1345	0.1040				0.1075
longphase_coh_indel	10	2	all	1874090	158915	1869866	2917	2028769	3019	300195	467	0.1556	0.1488	16856	158903	10.6077	0.1560
longphase_coh_indel	10	2	v5bed	1796086	150574	1784683	1926	1934385	1990	284093	363	0.1278	0.1029				0.1079
longphase_coh_indel	10	3	all	1875124	159396	1870963	2899	2030351	3062	301193	556	0.1846	0.1508	17883	159389	11.2197	0.1549
longphase_coh_indel	10	3	v5bed	1796824	150915	1785493	1919	1935513	2024	284843	425	0.1492	0.1046				0.1075
longphase_coh_indel	10	4	all	1871638	158833	1867458	2888	2026281	3020	300039	500	0.1666	0.1490	16556	158823	10.4242	0.1546
longphase_coh_indel	10	4	v5bed	1793609	150485	1782244	1866	1931847	1946	283893	375	0.1321	0.1007				0.1047
longphase_coh_indel	10	5	all	1870358	158749	1866074	2884	2024813	2999	299973	447	0.1490	0.1481	16125	158740	10.1581	0.1545
longphase_coh_indel	10	5	v5bed	1791364	150288	1779877	1835	1929280	1904	283582	331	0.1167	0.0987				0.1031
longphase_coh_indel	10	6	all	1873718	159287	1869470	2889	2028743	3038	300936	488	0.1622	0.1497	18165	159274	11.4049	0.1545
longphase_coh_indel	10	6	v5bed	1794427	150785	1782952	1907	1932838	2005	284507	384	0.1350	0.1037				0.1070
longphase_coh_indel	10	7	all	1874938	158991	1870635	2957	2029617	3104	300381	490	0.1631	0.1529	16663	158983	10.4810	0.1581
longphase_coh_indel	10	7	v5bed	1797186	150453	1785782	1888	1935348	1994	283940	386	0.1359	0.1030				0.1057
longphase_coh_indel	10	8	all	1875739	158928	1871578	2975	2030495	3114	300390	498	0.1658	0.1534	17327	158917	10.9032	0.1590
longphase_coh_indel	10	8	v5bed	1797935	150561	1786643	1920	1936292	2008	284214	373	0.1312	0.1037				0.1075
longphase_coh_indel	10	9	all	1872101	158742	1867927	2829	2026660	2993	299924	514	0.1714	0.1477	17079	158733	10.7596	0.1515
longphase_coh_indel	10	9	v5bed	1794695	150440	1783310	1868	1932887	1979	283844	401	0.1413	0.1024				0.1047
longphase_coh_indel	12	1	all	2033172	180238	2029996	2621	2210230	2724	340177	443	0.1302	0.1232	20550	180235	11.4018	0.1291
longphase_coh_indel	12	1	v5bed	1947346	170640	1936427	1584	2106065	1644	321635	334	0.1038	0.0781				0.0818
longphase_coh_indel	12	10	all	2031761	180428	2028579	2690	2209000	2819	340491	450	0.1322	0.1276	20207	180422	11.1999	0.1326
longphase_coh_indel	12	10	v5bed	1946612	170769	1935603	1614	2105433	1700	321851	342	0.1063	0.0807				0.0834
longphase_coh_indel	12	2	all	2032875	180335	2029708	2586	2210036	2714	340343	458	0.1346	0.1228	20292	180328	11.2528	0.1274
longphase_coh_indel	12	2	v5bed	1947543	170708	1936570	1583	2106320	1645	321824	331	0.1029	0.0781				0.0817
longphase_coh_indel	12	3	all	2032452	180096	2029296	2521	2209384	2658	339777	440	0.1295	0.1203	22557	180088	12.5255	0.1242
longphase_coh_indel	12	3	v5bed	1946210	170465	1935195	1496	2104676	1569	321148	321	0.1000	0.0745				0.0773
longphase_coh_indel	12	4	all	2031701	180195	2028462	2587	2208651	2703	340077	421	0.1238	0.1224	20301	180190	11.2664	0.1275
longphase_coh_indel	12	4	v5bed	1945456	170551	1934453	1568	2104021	1630	321460	305	0.0949	0.0775				0.0811
longphase_coh_indel	12	5	all	2030415	180223	2027222	2564	2207436	2694	340031	428	0.1259	0.1220	21965	180214	12.1883	0.1265
longphase_coh_indel	12	5	v5bed	1945627	170538	1934651	1565	2104178	1628	321362	307	0.0955	0.0774				0.0809
longphase_coh_indel	12	6	all	2034255	180222	2030993	2597	2211206	2731	340110	482	0.1417	0.1235	21316	180213	11.8282	0.1279
longphase_coh_indel	12	6	v5bed	1947299	170516	1936286	1496	2105836	1577	321369	344	0.1070	0.0749				0.0773
longphase_coh_indel	12	7	all	2031375	180112	2028178	2588	2208283	2717	339891	463	0.1362	0.1230	21219	180105	11.7815	0.1276
longphase_coh_indel	12	7	v5bed	1945961	170537	1935013	1594	2104552	1653	321413	332	0.1033	0.0785				0.0824
longphase_coh_indel	12	8	all	2030511	179851	2027303	2586	2207148	2708	339366	446	0.1314	0.1227	20993	179845	11.6728	0.1276
longphase_coh_indel	12	8	v5bed	1944160	170255	1933166	1599	2102479	1663	320846	325	0.1013	0.0791				0.0827
longphase_coh_indel	12	9	all	2033658	180607	2030488	2446	2211086	2593	340858	438	0.1285	0.1173	20047	180598	11.1003	0.1205
longphase_coh_indel	12	9	v5bed	1946230	170879	1935237	1508	2105193	1604	322094	326	0.1012	0.0762				0.0779
longphase_coh_indel	14	1	all	2110945	193889	2108207	2258	2302092	2391	365436	415	0.1136	0.1039	21822	193886	11.2551	0.1071
longphase_coh_indel	14	1	v5bed	2020732	183378	2009896	1293	2192254	1365	345214	295	0.0855	0.0623				0.0643
longphase_coh_indel	14	10	all	2112406	193158	2109607	2181	2302759	2297	364093	388	0.1066	0.0997	20529	193153	10.6284	0.1034
longphase_coh_indel	14	10	v5bed	2021247	182707	2010428	1263	2192073	1322	343975	284	0.0826	0.0603				0.0628
longphase_coh_indel	14	2	all	2114186	193580	2111433	2202	2305007	2306	364780	339	0.0929	0.1000	21254	193574	10.9798	0.1043
longphase_coh_indel	14	2	v5bed	2023533	183050	2012693	1195	2194716	1243	344508	231	0.0671	0.0566				0.0594
longphase_coh_indel	14	3	all	2114062	193340	2111308	2182	2304642	2304	364528	413	0.1133	0.1000	20016	193334	10.3531	0.1033
longphase_coh_indel	14	3	v5bed	2022972	182862	2012145	1198	2193966	1278	344350	303	0.0880	0.0583				0.0595
longphase_coh_indel	14	4	all	2113507	193478	2110831	2262	2304305	2372	364724	389	0.1067	0.1029	22164	193474	11.4558	0.1072
longphase_coh_indel	14	4	v5bed	2022197	182933	2011445	1285	2193362	1330	344457	276	0.0801	0.0606				0.0639
longphase_coh_indel	14	5	all	2111673	193493	2109032	2253	2302520	2362	364652	387	0.1061	0.1026	24129	193488	12.4705	0.1068
longphase_coh_indel	14	5	v5bed	2021551	183076	2010833	1278	2192893	1325	344643	267	0.0775	0.0604				0.0636
longphase_coh_indel	14	6	all	2111748	193074	2108997	2244	2302062	2348	363994	387	0.1063	0.1020	22467	193065	11.6370	0.1064
longphase_coh_indel	14	6	v5bed	2020625	182701	2009833	1251	2191472	1310	344024	282	0.0820	0.0598				0.0622
longphase_coh_indel	14	7	all	2112794	193381	2110067	2156	2303440	2259	364711	409	0.1121	0.0981	22423	193374	11.5957	0.1022
longphase_coh_indel	14	7	v5bed	2021728	182947	2010911	1230	2192830	1274	344542	294	0.0853	0.0581				0.0612
longphase_coh_indel	14	8	all	2111666	193151	2108928	2277	2302075	2410	364080	405	0.1112	0.1047	22033	193147	11.4074	0.1080
longphase_coh_indel	14	8	v5bed	2020521	182639	2009708	1204	2191329	1266	343848	274	0.0797	0.0578				0.0599
longphase_coh_indel	14	9	all	2112298	193537	2109546	2183	2303077	2290	364919	383	0.1050	0.0994	21743	193531	11.2349	0.1035
longphase_coh_indel	14	9	v5bed	2022110	183045	2011306	1232	2193307	1284	344685	266	0.0772	0.0585				0.0613
longphase_coh_indel	16	1	all	2153778	202293	2151231	1889	2353519	2000	380810	355	0.0932	0.0850	21516	202289	10.6363	0.0878
longphase_coh_indel	16	1	v5bed	2059509	191243	2048762	941	2238949	994	359535	239	0.0665	0.0444				0.0459
longphase_coh_indel	16	10	all	2152795	202078	2150293	2030	2352366	2136	380516	348	0.0915	0.0908	22337	202073	11.0539	0.0944
longphase_coh_indel	16	10	v5bed	2059981	191238	2049272	1004	2239455	1070	359676	241	0.0670	0.0478				0.0490
longphase_coh_indel	16	2	all	2152348	201974	2149872	1935	2351842	2031	380415	356	0.0936	0.0864	20742	201970	10.2698	0.0900
longphase_coh_indel	16	2	v5bed	2058994	191059	2048309	955	2238287	1012	359411	241	0.0671	0.0452				0.0466
longphase_coh_indel	16	3	all	2151749	202087	2149236	1906	2351318	2003	380574	345	0.0907	0.0852	22289	202082	11.0297	0.0887
longphase_coh_indel	16	3	v5bed	2058726	191160	2048013	971	2238066	1015	359517	235	0.0654	0.0454				0.0474
longphase_coh_indel	16	4	all	2151711	202170	2149275	2054	2351442	2162	380789	361	0.0948	0.0919	21123	202167	10.4483	0.0956
longphase_coh_indel	16	4	v5bed	2058741	191218	2048061	1030	2238223	1082	359646	253	0.0703	0.0483				0.0503
longphase_coh_indel	16	5	all	2153746	202459	2151279	2013	2353736	2134	381213	368	0.0965	0.0907	20922	202457	10.3340	0.0936
longphase_coh_indel	16	5	v5bed	2060830	191502	2050130	1037	2240586	1093	360146	251	0.0697	0.0488				0.0506
longphase_coh_indel	16	6	all	2152394	202219	2149921	2028	2352138	2129	380844	357	0.0937	0.0905	21259	202217	10.5130	0.0943
longphase_coh_indel	16	6	v5bed	2059051	191354	2048355	1031	2238635	1070	359903	228	0.0634	0.0478				0.0503
longphase_coh_indel	16	7	all	2153258	202138	2150768	1945	2352905	2059	380697	354	0.0930	0.0875	21989	202137	10.8783	0.0904
longphase_coh_indel	16	7	v5bed	2059457	191092	2048740	961	2238793	1010	359403	225	0.0626	0.0451				0.0469
longphase_coh_indel	16	8	all	2151772	202328	2149248	2007	2351570	2090	380721	312	0.0819	0.0889	22758	202322	11.2484	0.0934
longphase_coh_indel	16	8	v5bed	2058729	191437	2047998	1003	2238341	1030	359730	203	0.0564	0.0460				0.0490
longphase_coh_indel	16	9	all	2153653	202315	2151176	1980	2353485	2084	381069	361	0.0947	0.0885	22343	202309	11.0440	0.0920
longphase_coh_indel	16	9	v5bed	2060904	191385	2050210	1030	2240544	1098	360044	263	0.0730	0.0490				0.0502
longphase_coh_indel	18	1	all	2172888	208420	2170534	1805	2378951	1915	392184	345	0.0880	0.0805	21370	208418	10.2534	0.0832
longphase_coh_indel	18	1	v5bed	2078504	197139	2067866	867	2263884	907	370416	219	0.0591	0.0401				0.0419
longphase_coh_indel	18	10	all	2174457	208657	2172071	1824	2380724	1922	392505	313	0.0797	0.0807	20343	208653	9.7497	0.0840
longphase_coh_indel	18	10	v5bed	2079451	197352	2068786	846	2265030	894	370749	204	0.0550	0.0395				0.0409
longphase_coh_indel	18	2	all	2175358	208308	2172962	1810	2381264	1914	391893	328	0.0837	0.0804	21384	208302	10.2659	0.0833
longphase_coh_indel	18	2	v5bed	2079536	196970	2068891	829	2264756	879	370101	221	0.0597	0.0388				0.0401
longphase_coh_indel	18	3	all	2173530	208567	2171197	1803	2379762	1901	392494	306	0.0780	0.0799	19484	208565	9.3419	0.0830
longphase_coh_indel	18	3	v5bed	2078721	197205	2068147	824	2264249	870	370614	195	0.0526	0.0384				0.0398
longphase_coh_indel	18	4	all	2174875	208681	2172514	1795	2381191	1892	392592	326	0.0830	0.0795	22361	208677	10.7156	0.0826
longphase_coh_indel	18	4	v5bed	2080531	197354	2069854	836	2266116	890	370796	222	0.0599	0.0393				0.0404
longphase_coh_indel	18	5	all	2173928	208530	2171573	1754	2380096	1859	392307	325	0.0828	0.0781	21627	208523	10.3715	0.0808
longphase_coh_indel	18	5	v5bed	2078786	197159	2068129	798	2264177	847	370431	212	0.0572	0.0374				0.0386
longphase_coh_indel	18	6	all	2174253	208511	2171862	1783	2380369	1874	392287	295	0.0752	0.0787	20103	208507	9.6414	0.0821
longphase_coh_indel	18	6	v5bed	2079294	197212	2068610	793	2264718	825	370551	176	0.0475	0.0364				0.0383
longphase_coh_indel	18	7	all	2175175	208464	2172829	1847	2381284	1942	392201	317	0.0808	0.0816	20814	208455	9.9849	0.0850
longphase_coh_indel	18	7	v5bed	2079489	197120	2068809	842	2264841	883	370328	200	0.0540	0.0390				0.0407
longphase_coh_indel	18	8	all	2174123	208712	2171814	1813	2380522	1906	392571	339	0.0864	0.0801	20938	208709	10.0322	0.0835
longphase_coh_indel	18	8	v5bed	2079486	197305	2068891	860	2265084	899	370676	229	0.0618	0.0397				0.0416
longphase_coh_indel	18	9	all	2173569	208666	2171208	1800	2379867	1894	392572	325	0.0828	0.0796	19488	208659	9.3396	0.0829
longphase_coh_indel	18	9	v5bed	2079035	197362	2068392	801	2264633	836	370835	202	0.0545	0.0369				0.0387
longphase_coh_indel	20	1	all	2184436	212947	2182196	1726	2395142	1803	400349	290	0.0724	0.0753	21013	212947	9.8677	0.0791
longphase_coh_indel	20	1	v5bed	2088875	201382	2078324	736	2278596	760	378087	174	0.0460	0.0334				0.0354
longphase_coh_indel	20	10	all	2183483	213147	2181256	1601	2394401	1710	400802	319	0.0796	0.0714	20018	213145	9.3917	0.0734
longphase_coh_indel	20	10	v5bed	2088026	201639	2077476	738	2277973	780	378638	196	0.0518	0.0342				0.0355
longphase_coh_indel	20	2	all	2185123	212777	2182884	1685	2395657	1780	400062	298	0.0745	0.0743	21616	212773	10.1592	0.0772
longphase_coh_indel	20	2	v5bed	2089343	201290	2078800	756	2278974	801	377979	192	0.0508	0.0351				0.0364
longphase_coh_indel	20	3	all	2184509	212969	2182326	1652	2395290	1754	400424	309	0.0772	0.0732	20028	212964	9.4044	0.0757
longphase_coh_indel	20	3	v5bed	2089300	201401	2078793	757	2279079	803	378192	208	0.0550	0.0352				0.0364
longphase_coh_indel	20	4	all	2184563	213320	2182297	1614	2395612	1705	400962	302	0.0753	0.0712	20367	213316	9.5478	0.0740
longphase_coh_indel	20	4	v5bed	2088891	201734	2078319	705	2278903	733	378739	184	0.0486	0.0322				0.0339
longphase_coh_indel	20	5	all	2184162	212977	2181882	1639	2394856	1745	400408	299	0.0747	0.0729	19796	212974	9.2950	0.0751
longphase_coh_indel	20	5	v5bed	2089195	201508	2078577	715	2278936	762	378311	184	0.0486	0.0334				0.0344
longphase_coh_indel	20	6	all	2184056	213283	2181792	1631	2395071	1717	400947	304	0.0758	0.0717	20539	213280	9.6301	0.0748
longphase_coh_indel	20	6	v5bed	2088510	201664	2077932	726	2278482	754	378657	173	0.0457	0.0331				0.0349
longphase_coh_indel	20	7	all	2184772	213081	2182571	1649	2395648	1741	400605	318	0.0794	0.0727	19996	213078	9.3844	0.0756
longphase_coh_indel	20	7	v5bed	2089530	201429	2079005	720	2279319	749	378232	190	0.0502	0.0329				0.0346
longphase_coh_indel	20	8	all	2184167	213062	2181926	1568	2394983	1656	400512	300	0.0749	0.0691	19832	213057	9.3083	0.0719
longphase_coh_indel	20	8	v5bed	2088990	201443	2078403	663	2278741	691	378197	171	0.0452	0.0303				0.0319
longphase_coh_indel	20	9	all	2183829	213054	2181586	1695	2394637	1785	400617	315	0.0786	0.0745	19024	213052	8.9293	0.0777
longphase_coh_indel	20	9	v5bed	2088151	201481	2077602	770	2277971	811	378372	205	0.0542	0.0356				0.0371
longphase_coh_indel	30	1	all	2196917	224926	2195071	1316	2419995	1403	422113	236	0.0559	0.0580	18175	224924	8.0805	0.0600
longphase_coh_indel	30	1	v5bed	2102188	212882	2091977	419	2303662	449	398957	125	0.0313	0.0195				0.0200
longphase_coh_indel	40	1	all	2197485	230095	2195899	1151	2425994	1246	431381	236	0.0547	0.0514	18117	230095	7.8737	0.0524
longphase_coh_indel	40	1	v5bed	2104264	217865	2094280	353	2310925	386	407834	130	0.0319	0.0167				0.0169
longphase_coh_indel	50	1	all	2195073	233266	2193659	1094	2426925	1167	437126	202	0.0462	0.0481	15179	233266	6.5072	0.0499
longphase_coh_indel	50	1	v5bed	2103318	221054	2093541	301	2313351	333	413604	106	0.0256	0.0144				0.0144
longphase_coh_indel	60	1	all	2192460	234940	2191196	953	2426136	1017	440036	183	0.0416	0.0419	15035	234940	6.3995	0.0435
longphase_coh_indel	60	1	v5bed	2101385	222665	2091769	277	2313185	300	416380	93	0.0223	0.0130				0.0132
longphase_coh_indel_gnn	10	1	all	1865900	157443	1860387	1669	2017808	1764	297465	260	0.0874	0.0874	10226	157421	6.4960	0.0897
longphase_coh_indel_gnn	10	1	v5bed	1789989	149144	1777621	1081	1925919	1141	281511	190	0.0675	0.0592				0.0608
longphase_coh_indel_gnn	10	10	all	1865625	157145	1860121	1746	2017240	1846	296827	322	0.1085	0.0915	10953	157120	6.9711	0.0939
longphase_coh_indel_gnn	10	10	v5bed	1788461	148789	1776086	1138	1924040	1202	280772	232	0.0826	0.0625				0.0641
longphase_coh_indel_gnn	10	2	all	1866077	157134	1860618	1750	2017734	1832	296808	284	0.0957	0.0908	11277	157117	7.1775	0.0941
longphase_coh_indel_gnn	10	2	v5bed	1790108	148974	1777760	1155	1925887	1212	281092	222	0.0790	0.0629				0.0650
longphase_coh_indel_gnn	10	3	all	1866661	157487	1861192	1674	2018662	1796	297588	338	0.1136	0.0890	11529	157471	7.3213	0.0899
longphase_coh_indel_gnn	10	3	v5bed	1790486	149228	1778134	1118	1926494	1209	281683	254	0.0902	0.0628				0.0629
longphase_coh_indel_gnn	10	4	all	1863525	157006	1858066	1681	2015052	1783	296599	305	0.1028	0.0885	9611	156987	6.1222	0.0905
longphase_coh_indel_gnn	10	4	v5bed	1787741	148875	1775396	1106	1923414	1177	280892	229	0.0815	0.0612				0.0623
longphase_coh_indel_gnn	10	5	all	1862123	156787	1856533	1693	2013298	1783	296256	286	0.0965	0.0886	9338	156767	5.9566	0.0912
longphase_coh_indel_gnn	10	5	v5bed	1785219	148504	1772704	1082	1920355	1134	280265	203	0.0724	0.0591				0.0610
longphase_coh_indel_gnn	10	6	all	1865707	157427	1860276	1704	2017684	1814	297441	280	0.0941	0.0899	11422	157408	7.2563	0.0916
longphase_coh_indel_gnn	10	6	v5bed	1788591	149137	1776190	1154	1924465	1238	281437	218	0.0775	0.0643				0.0650
longphase_coh_indel_gnn	10	7	all	1866693	157195	1861113	1738	2018288	1855	296962	315	0.1061	0.0919	10772	157177	6.8534	0.0934
longphase_coh_indel_gnn	10	7	v5bed	1791186	148830	1778774	1111	1926737	1196	280886	245	0.0872	0.0621				0.0625
longphase_coh_indel_gnn	10	8	all	1867518	157022	1862005	1721	2019004	1817	296787	294	0.0991	0.0900	10732	156999	6.8357	0.0924
longphase_coh_indel_gnn	10	8	v5bed	1791808	148846	1779445	1108	1927411	1173	281006	214	0.0762	0.0609				0.0623
longphase_coh_indel_gnn	10	9	all	1864066	156829	1858592	1669	2015400	1785	296323	313	0.1056	0.0886	10654	156808	6.7943	0.0898
longphase_coh_indel_gnn	10	9	v5bed	1788727	148702	1776323	1096	1924192	1175	280616	234	0.0834	0.0611				0.0617
longphase_coh_indel_gnn	12	1	all	2025755	178409	2021392	1577	2199783	1659	336694	264	0.0784	0.0754	12788	178392	7.1685	0.0780
longphase_coh_indel_gnn	12	1	v5bed	1942139	169034	1930294	930	2098345	976	318623	191	0.0599	0.0465				0.0482
longphase_coh_indel_gnn	12	10	all	2024047	178633	2019689	1540	2198298	1647	337065	284	0.0843	0.0749	11831	178611	6.6239	0.0762
longphase_coh_indel_gnn	12	10	v5bed	1941237	169169	1929392	941	2097637	1015	318857	211	0.0662	0.0484				0.0488
longphase_coh_indel_gnn	12	2	all	2025362	178580	2020963	1500	2199524	1601	336970	274	0.0813	0.0728	11672	178562	6.5367	0.0742
longphase_coh_indel_gnn	12	2	v5bed	1942269	169145	1930360	897	2098575	952	318863	189	0.0593	0.0454				0.0465
longphase_coh_indel_gnn	12	3	all	2025456	178345	2021104	1495	2199433	1592	336439	278	0.0826	0.0724	13239	178331	7.4238	0.0740
longphase_coh_indel_gnn	12	3	v5bed	1941222	168943	1929282	867	2097277	921	318280	200	0.0628	0.0439				0.0449
longphase_coh_indel_gnn	12	4	all	2024377	178393	2019950	1508	2198326	1591	336623	254	0.0755	0.0724	11880	178377	6.6601	0.0747
longphase_coh_indel_gnn	12	4	v5bed	1940357	168943	1928463	923	2096445	980	318424	185	0.0581	0.0467				0.0479
longphase_coh_indel_gnn	12	5	all	2022505	178361	2018042	1393	2196380	1487	336494	246	0.0731	0.0677	12940	178338	7.2559	0.0690
longphase_coh_indel_gnn	12	5	v5bed	1940157	168884	1928196	851	2096105	905	318254	173	0.0544	0.0432				0.0441
longphase_coh_indel_gnn	12	6	all	2026746	178448	2022298	1537	2200730	1638	336763	288	0.0855	0.0744	12665	178432	7.0979	0.0760
longphase_coh_indel_gnn	12	6	v5bed	1942182	168954	1930247	867	2098271	937	318466	211	0.0663	0.0447				0.0449
longphase_coh_indel_gnn	12	7	all	2023987	178313	2019579	1560	2197879	1657	336448	284	0.0844	0.0754	11857	178300	6.6500	0.0772
longphase_coh_indel_gnn	12	7	v5bed	1940847	168946	1928961	960	2096945	1016	318416	203	0.0638	0.0485				0.0498
longphase_coh_indel_gnn	12	8	all	2022792	178040	2018381	1464	2196402	1547	335948	264	0.0786	0.0704	12843	178021	7.2143	0.0725
longphase_coh_indel_gnn	12	8	v5bed	1938809	168672	1926909	894	2094662	944	317886	184	0.0579	0.0451				0.0464
longphase_coh_indel_gnn	12	9	all	2026360	178876	2022003	1439	2200860	1546	337603	273	0.0809	0.0702	12025	178858	6.7232	0.0712
longphase_coh_indel_gnn	12	9	v5bed	1941184	169320	1929302	894	2097730	964	319221	198	0.0620	0.0460				0.0463
longphase_coh_indel_gnn	14	1	all	2104633	192283	2100785	1311	2293053	1417	362367	260	0.0718	0.0618	13365	192268	6.9512	0.0624
longphase_coh_indel_gnn	14	1	v5bed	2016562	181986	2004873	747	2185863	802	342586	181	0.0528	0.0367				0.0373
longphase_coh_indel_gnn	14	10	all	2106255	191572	2102384	1319	2293946	1420	361123	248	0.0687	0.0619	12847	191564	6.7064	0.0627
longphase_coh_indel_gnn	14	10	v5bed	2017120	181316	2005475	751	2185760	805	341407	167	0.0489	0.0368				0.0374
longphase_coh_indel_gnn	14	2	all	2107735	192007	2103894	1257	2295886	1342	361751	210	0.0581	0.0585	12311	191993	6.4122	0.0597
longphase_coh_indel_gnn	14	2	v5bed	2019395	181695	2007752	696	2188448	740	341922	142	0.0415	0.0338				0.0347
longphase_coh_indel_gnn	14	3	all	2107816	191828	2103961	1220	2295775	1309	361631	252	0.0697	0.0570	11850	191814	6.1779	0.0580
longphase_coh_indel_gnn	14	3	v5bed	2018904	181554	2007254	643	2187794	707	341865	179	0.0524	0.0323				0.0320
longphase_coh_indel_gnn	14	4	all	2107027	191894	2103224	1317	2295101	1401	361673	244	0.0675	0.0610	13407	191878	6.9873	0.0626
longphase_coh_indel_gnn	14	4	v5bed	2017943	181537	2006337	735	2186891	777	341814	166	0.0486	0.0355				0.0366
longphase_coh_indel_gnn	14	5	all	2105469	191912	2101708	1325	2293612	1418	361673	239	0.0661	0.0618	13110	191905	6.8315	0.0630
longphase_coh_indel_gnn	14	5	v5bed	2017318	181673	2005734	731	2186437	779	342033	156	0.0456	0.0356				0.0364
longphase_coh_indel_gnn	14	6	all	2105310	191417	2101481	1286	2292883	1367	360863	240	0.0665	0.0596	12741	191402	6.6567	0.0612
longphase_coh_indel_gnn	14	6	v5bed	2016370	181245	2004769	701	2184982	751	341310	170	0.0498	0.0344				0.0350
longphase_coh_indel_gnn	14	7	all	2106320	191716	2102500	1250	2294197	1333	361541	244	0.0675	0.0581	12632	191697	6.5896	0.0595
longphase_coh_indel_gnn	14	7	v5bed	2017333	181489	2005697	698	2186179	739	341804	166	0.0486	0.0338				0.0348
longphase_coh_indel_gnn	14	8	all	2105231	191563	2101457	1268	2293005	1382	361062	266	0.0737	0.0603	13125	191548	6.8521	0.0603
longphase_coh_indel_gnn	14	8	v5bed	2016372	181235	2004799	710	2185040	770	341205	170	0.0498	0.0352				0.0354
longphase_coh_indel_gnn	14	9	all	2106080	191944	2102265	1287	2294194	1363	361910	239	0.0660	0.0594	11869	191929	6.1841	0.0612
longphase_coh_indel_gnn	14	9	v5bed	2018041	181681	2006449	724	2187115	763	342126	162	0.0474	0.0349				0.0361
longphase_coh_indel_gnn	16	1	all	2148487	200827	2145082	1146	2345899	1238	378084	238	0.0629	0.0528	12658	200817	6.3033	0.0534
longphase_coh_indel_gnn	16	1	v5bed	2056231	189965	2044853	553	2233791	601	357186	152	0.0426	0.0269				0.0270
longphase_coh_indel_gnn	16	10	all	2147495	200644	2144054	1235	2344693	1316	377786	230	0.0609	0.0561	12928	200639	6.4434	0.0576
longphase_coh_indel_gnn	16	10	v5bed	2056716	189992	2045327	589	2234293	639	357340	147	0.0411	0.0286				0.0288
longphase_coh_indel_gnn	16	2	all	2146992	200526	2143591	1188	2344107	1269	377698	229	0.0606	0.0541	12309	200516	6.1387	0.0554
longphase_coh_indel_gnn	16	2	v5bed	2055795	189809	2044418	576	2233169	623	357080	142	0.0398	0.0279				0.0282
longphase_coh_indel_gnn	16	3	all	2146319	200595	2142912	1134	2343496	1208	377754	212	0.0561	0.0515	12620	200585	6.2916	0.0529
longphase_coh_indel_gnn	16	3	v5bed	2055394	189854	2044029	559	2232802	597	357076	140	0.0392	0.0267				0.0273
longphase_coh_indel_gnn	16	4	all	2146296	200751	2142916	1180	2343656	1256	378084	216	0.0571	0.0536	12277	200740	6.1159	0.0551
longphase_coh_indel_gnn	16	4	v5bed	2055484	189994	2044140	594	2233097	632	357327	140	0.0392	0.0283				0.0291
longphase_coh_indel_gnn	16	5	all	2148126	200952	2144695	1132	2345639	1230	378384	225	0.0595	0.0524	11749	200944	5.8469	0.0528
longphase_coh_indel_gnn	16	5	v5bed	2057388	190190	2045994	580	2235154	626	357710	138	0.0386	0.0280				0.0283
longphase_coh_indel_gnn	16	6	all	2147064	200859	2143645	1197	2344500	1285	378259	238	0.0629	0.0548	12946	200855	6.4454	0.0558
longphase_coh_indel_gnn	16	6	v5bed	2055788	190177	2044382	604	2233517	645	357705	148	0.0414	0.0289				0.0295
longphase_coh_indel_gnn	16	7	all	2147803	200658	2144321	1163	2344975	1250	377897	220	0.0582	0.0533	13520	200654	6.7380	0.0542
longphase_coh_indel_gnn	16	7	v5bed	2056181	189821	2044718	578	2233530	618	357028	128	0.0359	0.0277				0.0283
longphase_coh_indel_gnn	16	8	all	2146288	200874	2142796	1175	2343656	1236	377957	206	0.0545	0.0527	12210	200860	6.0789	0.0548
longphase_coh_indel_gnn	16	8	v5bed	2055379	190167	2043917	594	2233010	611	357352	123	0.0344	0.0274				0.0291
longphase_coh_indel_gnn	16	9	all	2148244	200898	2144823	1123	2345702	1214	378397	236	0.0624	0.0518	13133	200880	6.5377	0.0524
longphase_coh_indel_gnn	16	9	v5bed	2057603	190136	2046219	587	2235321	648	357729	164	0.0458	0.0290				0.0287
longphase_coh_indel_gnn	18	1	all	2168129	207074	2164931	1110	2371998	1204	389661	216	0.0554	0.0508	11482	207068	5.5450	0.0513
longphase_coh_indel_gnn	18	1	v5bed	2075864	195999	2064634	537	2259541	573	368324	126	0.0342	0.0254				0.0260
longphase_coh_indel_gnn	18	10	all	2169964	207403	2166825	1106	2374223	1187	390187	207	0.0531	0.0500	12113	207398	5.8405	0.0510
longphase_coh_indel_gnn	18	10	v5bed	2076974	196273	2065786	514	2260964	557	368765	125	0.0339	0.0246				0.0249
longphase_coh_indel_gnn	18	2	all	2170895	207189	2167724	1113	2374902	1198	389774	224	0.0575	0.0504	12707	207178	6.1334	0.0513
longphase_coh_indel_gnn	18	2	v5bed	2077150	196009	2065932	510	2260854	554	368311	148	0.0402	0.0245				0.0247
longphase_coh_indel_gnn	18	3	all	2168838	207262	2165708	1121	2372960	1200	390051	200	0.0513	0.0506	11659	207252	5.6255	0.0518
longphase_coh_indel_gnn	18	3	v5bed	2076124	196085	2064982	515	2259987	552	368554	114	0.0309	0.0244				0.0249
longphase_coh_indel_gnn	18	4	all	2170508	207357	2167325	1098	2374669	1177	390119	203	0.0520	0.0496	12142	207345	5.8559	0.0507
longphase_coh_indel_gnn	18	4	v5bed	2078058	196208	2066785	482	2261923	523	368675	123	0.0334	0.0231				0.0233
longphase_coh_indel_gnn	18	5	all	2169286	207274	2166088	1069	2373346	1153	389935	227	0.0582	0.0486	12545	207258	6.0528	0.0494
longphase_coh_indel_gnn	18	5	v5bed	2076161	196073	2064885	484	2259868	521	368397	140	0.0380	0.0231				0.0234
longphase_coh_indel_gnn	18	6	all	2169715	207275	2166526	1040	2373793	1111	389946	206	0.0528	0.0468	10165	207267	4.9043	0.0480
longphase_coh_indel_gnn	18	6	v5bed	2076795	196164	2065536	452	2260623	483	368582	117	0.0317	0.0214				0.0219
longphase_coh_indel_gnn	18	7	all	2170418	207209	2167279	1064	2374475	1138	389810	201	0.0516	0.0479	12330	207196	5.9509	0.0491
longphase_coh_indel_gnn	18	7	v5bed	2076924	196064	2065706	489	2260710	518	368354	113	0.0307	0.0229				0.0237
longphase_coh_indel_gnn	18	8	all	2169314	207408	2166145	1074	2373545	1144	390122	227	0.0582	0.0482	11933	207401	5.7536	0.0496
longphase_coh_indel_gnn	18	8	v5bed	2076841	196180	2065626	522	2260733	555	368600	143	0.0388	0.0245				0.0253
longphase_coh_indel_gnn	18	9	all	2168971	207461	2165825	1077	2373274	1149	390288	201	0.0515	0.0484	11862	207449	5.7180	0.0497
longphase_coh_indel_gnn	18	9	v5bed	2076545	196329	2065339	480	2260572	518	368913	129	0.0350	0.0229				0.0232
longphase_coh_indel_gnn	20	1	all	2180442	211817	2177460	1081	2389272	1150	398237	201	0.0505	0.0481	12455	211813	5.8802	0.0496
longphase_coh_indel_gnn	20	1	v5bed	2086681	200407	2075602	450	2274929	474	376302	114	0.0303	0.0208				0.0217
longphase_coh_indel_gnn	20	10	all	2179444	212080	2176501	981	2388569	1068	398769	217	0.0544	0.0447	11749	212068	5.5402	0.0451
longphase_coh_indel_gnn	20	10	v5bed	2085989	200703	2074938	453	2274518	486	376894	119	0.0316	0.0214				0.0218
longphase_coh_indel_gnn	20	2	all	2180898	211652	2177908	1019	2389548	1100	397921	192	0.0483	0.0460	13653	211640	6.4510	0.0468
longphase_coh_indel_gnn	20	2	v5bed	2087204	200343	2076126	441	2275374	482	376198	117	0.0311	0.0212				0.0212
longphase_coh_indel_gnn	20	3	all	2180445	211830	2177540	989	2389365	1072	398268	201	0.0505	0.0449	11548	211825	5.4517	0.0454
longphase_coh_indel_gnn	20	3	v5bed	2087298	200448	2076282	451	2275630	487	376402	123	0.0327	0.0214				0.0217
longphase_coh_indel_gnn	20	4	all	2180716	212187	2177748	973	2389922	1044	398846	193	0.0484	0.0437	11907	212175	5.6119	0.0447
longphase_coh_indel_gnn	20	4	v5bed	2086946	200787	2075882	425	2275539	450	376973	115	0.0305	0.0198				0.0205
longphase_coh_indel_gnn	20	5	all	2180074	211802	2177096	994	2388890	1083	398208	205	0.0515	0.0453	11767	211795	5.5558	0.0457
longphase_coh_indel_gnn	20	5	v5bed	2087089	200523	2075978	444	2275382	485	376490	124	0.0329	0.0213				0.0214
longphase_coh_indel_gnn	20	6	all	2180056	212093	2177048	950	2389133	1024	398727	214	0.0537	0.0429	13326	212085	6.2833	0.0436
longphase_coh_indel_gnn	20	6	v5bed	2086522	200652	2075409	424	2274962	446	376801	112	0.0297	0.0196				0.0204
longphase_coh_indel_gnn	20	7	all	2180804	212026	2177863	981	2389881	1060	398593	220	0.0552	0.0444	11287	212018	5.3236	0.0450
longphase_coh_indel_gnn	20	7	v5bed	2087662	200525	2076623	445	2276056	476	376539	123	0.0327	0.0209				0.0214
longphase_coh_indel_gnn	20	8	all	2180179	211938	2177246	983	2389177	1052	398403	198	0.0497	0.0440	11669	211931	5.5060	0.0451
longphase_coh_indel_gnn	20	8	v5bed	2086999	200486	2075938	415	2275343	435	376436	102	0.0271	0.0191				0.0200
longphase_coh_indel_gnn	20	9	all	2179633	211906	2176649	1012	2388547	1088	398422	217	0.0545	0.0456	11953	211900	5.6409	0.0465
longphase_coh_indel_gnn	20	9	v5bed	2086044	200504	2075006	473	2274416	508	376545	139	0.0369	0.0223				0.0228
longphase_coh_indel_gnn	30	1	all	2194079	224081	2191717	822	2415795	903	420534	179	0.0426	0.0374	10957	224078	4.8898	0.0375
longphase_coh_indel_gnn	30	1	v5bed	2101148	212178	2090604	257	2301602	286	397676	90	0.0226	0.0124				0.0123
longphase_coh_indel_gnn	40	1	all	2195030	229304	2192988	724	2422291	810	429894	178	0.0414	0.0334	9982	229303	4.3532	0.0330
longphase_coh_indel_gnn	40	1	v5bed	2103500	217227	2093231	215	2309256	248	406655	94	0.0231	0.0107				0.0103
longphase_coh_indel_gnn	50	1	all	2192843	232550	2191027	664	2423575	728	435766	143	0.0328	0.0300	7670	232548	3.2982	0.0303
longphase_coh_indel_gnn	50	1	v5bed	2102681	220496	2092659	170	2311929	197	412560	69	0.0167	0.0085				0.0081
longphase_coh_indel_gnn	60	1	all	2190434	234254	2188810	591	2423062	653	438747	130	0.0296	0.0269	8234	234252	3.5150	0.0270
longphase_coh_indel_gnn	60	1	v5bed	2100770	222116	2090943	157	2311832	179	415370	61	0.0147	0.0077				0.0075
longphase_coh_indel_methyl	10	1	all	1874637	159324	1870535	2899	2029850	3022	301045	468	0.1555	0.1489	17253	159315	10.8295	0.1550
longphase_coh_indel_methyl	10	1	v5bed	1796395	150806	1785132	1861	1935077	1936	284658	357	0.1254	0.1000				0.1042
longphase_coh_indel_methyl	10	10	all	1874147	159116	1870015	2980	2029117	3137	300570	531	0.1767	0.1546	18186	159102	11.4304	0.1594
longphase_coh_indel_methyl	10	10	v5bed	1794627	150536	1783307	1897	1932968	1995	284041	391	0.1377	0.1032				0.1064
longphase_coh_indel_methyl	10	2	all	1874393	158940	1870257	2873	2029187	2978	300258	461	0.1535	0.1468	16823	158930	10.5852	0.1536
longphase_coh_indel_methyl	10	2	v5bed	1796397	150594	1785074	1883	1934795	1944	284146	355	0.1249	0.1005				0.1055
longphase_coh_indel_methyl	10	3	all	1875575	159451	1871527	2865	2030970	3028	301315	552	0.1832	0.1491	18177	159444	11.4002	0.1531
longphase_coh_indel_methyl	10	3	v5bed	1797287	150972	1786060	1895	1936136	2000	284971	426	0.1495	0.1033				0.1061
longphase_coh_indel_methyl	10	4	all	1872021	158878	1867927	2855	2026795	2983	300134	497	0.1656	0.1472	17155	158868	10.7983	0.1528
longphase_coh_indel_methyl	10	4	v5bed	1793972	150528	1782688	1836	1932332	1914	283978	376	0.1324	0.0991				0.1030
longphase_coh_indel_methyl	10	5	all	1870653	158789	1866458	2862	2025237	2974	300054	447	0.1490	0.1468	16346	158780	10.2947	0.1533
longphase_coh_indel_methyl	10	5	v5bed	1791653	150326	1780245	1814	1929684	1881	283657	333	0.1174	0.0975				0.1019
longphase_coh_indel_methyl	10	6	all	1874058	159315	1869908	2838	2029209	2985	301003	469	0.1558	0.1471	17900	159302	11.2365	0.1518
longphase_coh_indel_methyl	10	6	v5bed	1794735	150808	1783349	1857	1933257	1953	284564	369	0.1297	0.1010				0.1041
longphase_coh_indel_methyl	10	7	all	1875332	159011	1871112	2906	2030114	3050	300429	476	0.1584	0.1502	16857	159003	10.6017	0.1553
longphase_coh_indel_methyl	10	7	v5bed	1797590	150478	1786266	1839	1935855	1943	284001	374	0.1317	0.1004				0.1030
longphase_coh_indel_methyl	10	8	all	1876211	158966	1872114	2897	2031070	3036	300470	485	0.1614	0.1495	17136	158956	10.7803	0.1547
longphase_coh_indel_methyl	10	8	v5bed	1798375	150599	1787142	1842	1936831	1932	284294	362	0.1273	0.0998				0.1031
longphase_coh_indel_methyl	10	9	all	1872578	158786	1868497	2798	2027275	2957	300022	504	0.1680	0.1459	17455	158778	10.9933	0.1497
longphase_coh_indel_methyl	10	9	v5bed	1795145	150475	1783853	1849	1933462	1955	283928	393	0.1384	0.1011				0.1037
longphase_coh_indel_methyl	12	1	all	2033740	180273	2030703	2559	2210972	2659	340269	437	0.1284	0.1203	21188	180270	11.7535	0.1260
longphase_coh_indel_methyl	12	1	v5bed	1947890	170677	1937100	1529	2106775	1588	321726	328	0.1020	0.0754				0.0789
longphase_coh_indel_methyl	12	10	all	2032295	180473	2029253	2651	2209719	2782	340587	446	0.1310	0.1259	21744	180467	12.0487	0.1306
longphase_coh_indel_methyl	12	10	v5bed	1947138	170808	1936264	1586	2106128	1673	321937	337	0.1047	0.0794				0.0819
longphase_coh_indel_methyl	12	2	all	2033292	180379	2030248	2530	2210620	2653	340445	447	0.1313	0.1200	21217	180372	11.7629	0.1246
longphase_coh_indel_methyl	12	2	v5bed	1947948	170752	1937083	1532	2106874	1593	321919	323	0.1003	0.0756				0.0791
longphase_coh_indel_methyl	12	3	all	2032959	180135	2029947	2468	2210074	2611	339868	447	0.1315	0.1181	22305	180127	12.3829	0.1216
longphase_coh_indel_methyl	12	3	v5bed	1946721	170505	1935840	1438	2105361	1514	321237	322	0.1002	0.0719				0.0743
longphase_coh_indel_methyl	12	4	all	2032295	180260	2029207	2553	2209461	2671	340222	425	0.1249	0.1209	21118	180255	11.7156	0.1258
longphase_coh_indel_methyl	12	4	v5bed	1945981	170611	1935111	1536	2104740	1600	321598	311	0.0967	0.0760				0.0794
longphase_coh_indel_methyl	12	5	all	2030854	180269	2027805	2498	2208065	2625	340148	420	0.1235	0.1189	22934	180260	12.7227	0.1232
longphase_coh_indel_methyl	12	5	v5bed	1946095	170575	1935251	1528	2104814	1592	321465	303	0.0943	0.0756				0.0790
longphase_coh_indel_methyl	12	6	all	2034711	180261	2031578	2545	2211831	2676	340197	470	0.1382	0.1210	21137	180253	11.7263	0.1253
longphase_coh_indel_methyl	12	6	v5bed	1947722	170548	1936821	1445	2106402	1524	321436	333	0.1036	0.0724				0.0746
longphase_coh_indel_methyl	12	7	all	2031808	180173	2028748	2547	2208914	2677	340016	455	0.1338	0.1212	21628	180166	12.0045	0.1255
longphase_coh_indel_methyl	12	7	v5bed	1946377	170595	1935550	1555	2105147	1617	321534	329	0.1023	0.0768				0.0803
longphase_coh_indel_methyl	12	8	all	2030864	179871	2027793	2541	2207659	2654	339424	433	0.1276	0.1202	21766	179866	12.1012	0.1253
longphase_coh_indel_methyl	12	8	v5bed	1944472	170275	1933605	1552	2102935	1606	320900	316	0.0985	0.0764				0.0803
longphase_coh_indel_methyl	12	9	all	2034298	180698	2031257	2422	2211946	2568	341033	442	0.1296	0.1161	19970	180689	11.0521	0.1192
longphase_coh_indel_methyl	12	9	v5bed	1946817	170952	1935942	1481	2105971	1575	322245	332	0.1030	0.0748				0.0765
longphase_coh_indel_methyl	14	1	all	2111258	193920	2108687	2228	2302604	2363	365531	418	0.1144	0.1026	22260	193917	11.4791	0.1057
longphase_coh_indel_methyl	14	1	v5bed	2021029	183410	2010346	1261	2192738	1332	345308	297	0.0860	0.0607				0.0627
longphase_coh_indel_methyl	14	10	all	2112676	193200	2110039	2156	2303235	2268	364196	372	0.1021	0.0985	20911	193197	10.8237	0.1022
longphase_coh_indel_methyl	14	10	v5bed	2021555	182751	2010881	1219	2192577	1275	344080	272	0.0791	0.0582				0.0606
longphase_coh_indel_methyl	14	2	all	2114452	193601	2111840	2180	2305435	2281	364850	318	0.0872	0.0989	22388	193595	11.5643	0.1032
longphase_coh_indel_methyl	14	2	v5bed	2023759	183086	2013049	1177	2195106	1223	344599	216	0.0627	0.0557				0.0585
longphase_coh_indel_methyl	14	3	all	2114413	193358	2111851	2160	2305203	2283	364601	409	0.1122	0.0990	21769	193352	11.2587	0.1023
longphase_coh_indel_methyl	14	3	v5bed	2023294	182892	2012651	1185	2194505	1266	344442	300	0.0871	0.0577				0.0589
longphase_coh_indel_methyl	14	4	all	2113980	193539	2111460	2229	2304995	2334	364854	376	0.1031	0.1013	25102	193535	12.9703	0.1056
longphase_coh_indel_methyl	14	4	v5bed	2022673	182994	2012063	1251	2194043	1291	344586	260	0.0755	0.0588				0.0622
longphase_coh_indel_methyl	14	5	all	2112126	193549	2109677	2243	2303221	2348	364780	382	0.1047	0.1019	25270	193544	13.0565	0.1063
longphase_coh_indel_methyl	14	5	v5bed	2021907	183122	2011359	1268	2193460	1312	344740	261	0.0757	0.0598				0.0630
longphase_coh_indel_methyl	14	6	all	2112193	193124	2109623	2180	2302739	2280	364102	362	0.0994	0.0990	23108	193116	11.9659	0.1033
longphase_coh_indel_methyl	14	6	v5bed	2021030	182747	2010403	1198	2192088	1255	344126	260	0.0756	0.0573				0.0596
longphase_coh_indel_methyl	14	7	all	2113124	193412	2110562	2158	2303967	2262	364788	396	0.1086	0.0982	23528	193406	12.1651	0.1022
longphase_coh_indel_methyl	14	7	v5bed	2022033	182986	2011374	1227	2193336	1272	344635	282	0.0818	0.0580				0.0610
longphase_coh_indel_methyl	14	8	all	2112106	193210	2109535	2228	2302740	2356	364216	400	0.1098	0.1023	21759	193205	11.2621	0.1056
longphase_coh_indel_methyl	14	8	v5bed	2020928	182692	2010277	1146	2191948	1209	343973	271	0.0788	0.0552				0.0570
longphase_coh_indel_methyl	14	9	all	2112779	193567	2110199	2137	2303760	2239	365010	377	0.1033	0.0972	20947	193561	10.8219	0.1013
longphase_coh_indel_methyl	14	9	v5bed	2022523	183076	2011874	1180	2193905	1225	344775	262	0.0760	0.0558				0.0587
longphase_coh_indel_methyl	16	1	all	2154267	202338	2151928	1850	2354261	1960	380922	355	0.0932	0.0833	22890	202334	11.3130	0.0860
longphase_coh_indel_methyl	16	1	v5bed	2059996	191288	2049432	912	2239663	966	359647	242	0.0673	0.0431				0.0445
longphase_coh_indel_methyl	16	10	all	2153115	202105	2150795	1974	2352895	2067	380585	324	0.0851	0.0878	22212	202100	10.9906	0.0918
longphase_coh_indel_methyl	16	10	v5bed	2060276	191262	2049744	969	2239954	1022	359737	217	0.0603	0.0456				0.0473
longphase_coh_indel_methyl	16	2	all	2152701	202031	2150406	1876	2352435	1974	380556	346	0.0909	0.0839	21681	202029	10.7316	0.0872
longphase_coh_indel_methyl	16	2	v5bed	2059323	191116	2048807	916	2238845	974	359546	232	0.0645	0.0435				0.0447
longphase_coh_indel_methyl	16	3	all	2152245	202113	2149933	1856	2352041	1946	380668	323	0.0849	0.0827	23058	202108	11.4088	0.0863
longphase_coh_indel_methyl	16	3	v5bed	2059216	191189	2048688	921	2238768	962	359616	213	0.0592	0.0430				0.0450
longphase_coh_indel_methyl	16	4	all	2152097	202216	2149817	1976	2352030	2080	380903	348	0.0914	0.0884	23065	202213	11.4063	0.0919
longphase_coh_indel_methyl	16	4	v5bed	2059123	191258	2048594	969	2238791	1021	359741	243	0.0675	0.0456				0.0473
longphase_coh_indel_methyl	16	5	all	2154205	202512	2151932	1957	2354441	2077	381327	354	0.0928	0.0882	22090	202509	10.9082	0.0909
longphase_coh_indel_methyl	16	5	v5bed	2061260	191553	2050736	982	2241245	1038	360258	237	0.0658	0.0463				0.0479
longphase_coh_indel_methyl	16	6	all	2152778	202275	2150471	1963	2352744	2061	380967	342	0.0898	0.0876	21970	202273	10.8616	0.0913
longphase_coh_indel_methyl	16	6	v5bed	2059468	191408	2048926	1002	2239260	1041	360021	219	0.0608	0.0465				0.0489
longphase_coh_indel_methyl	16	7	all	2153647	202174	2151338	1925	2353511	2037	380803	342	0.0898	0.0866	23651	202173	11.6984	0.0895
longphase_coh_indel_methyl	16	7	v5bed	2059837	191126	2049291	941	2239380	985	359501	207	0.0576	0.0440				0.0459
longphase_coh_indel_methyl	16	8	all	2152186	202376	2149844	1959	2352215	2046	380846	311	0.0817	0.0870	23839	202371	11.7798	0.0911
longphase_coh_indel_methyl	16	8	v5bed	2059103	191473	2048544	962	2238923	991	359828	195	0.0542	0.0443				0.0470
longphase_coh_indel_methyl	16	9	all	2154097	202347	2151816	1951	2354157	2057	381156	360	0.0944	0.0874	23913	202341	11.8182	0.0907
longphase_coh_indel_methyl	16	9	v5bed	2061285	191414	2050763	992	2241125	1060	360123	262	0.0728	0.0473				0.0484
longphase_coh_indel_methyl	18	1	all	2173090	208447	2170899	1741	2379344	1851	392255	327	0.0834	0.0778	21328	208446	10.2319	0.0802
longphase_coh_indel_methyl	18	1	v5bed	2078678	197171	2068193	815	2264242	858	370492	204	0.0551	0.0379				0.0394
longphase_coh_indel_methyl	18	10	all	2174746	208685	2172591	1779	2381272	1874	392602	303	0.0772	0.0787	22211	208681	10.6435	0.0819
longphase_coh_indel_methyl	18	10	v5bed	2079715	197375	2069271	804	2265536	846	370831	190	0.0512	0.0373				0.0389
longphase_coh_indel_methyl	18	2	all	2175631	208339	2173439	1775	2381773	1874	391986	332	0.0847	0.0787	21239	208334	10.1947	0.0817
longphase_coh_indel_methyl	18	2	v5bed	2079798	196995	2069342	796	2265230	845	370178	217	0.0586	0.0373				0.0385
longphase_coh_indel_methyl	18	3	all	2173995	208646	2171870	1821	2380514	1918	392681	312	0.0795	0.0806	20566	208644	9.8570	0.0838
longphase_coh_indel_methyl	18	3	v5bed	2079183	197275	2068806	829	2264974	873	370780	198	0.0534	0.0385				0.0401
longphase_coh_indel_methyl	18	4	all	2175074	208719	2172894	1767	2381610	1864	392691	319	0.0812	0.0783	22906	208716	10.9747	0.0813
longphase_coh_indel_methyl	18	4	v5bed	2080702	197391	2070195	806	2266493	859	370896	214	0.0577	0.0379				0.0389
longphase_coh_indel_methyl	18	5	all	2174349	208575	2172178	1692	2380748	1797	392425	315	0.0803	0.0755	20501	208570	9.8293	0.0779
longphase_coh_indel_methyl	18	5	v5bed	2079176	197197	2068689	755	2264774	804	370538	205	0.0553	0.0355				0.0365
longphase_coh_indel_methyl	18	6	all	2174660	208581	2172485	1799	2381062	1887	392445	287	0.0731	0.0793	22137	208577	10.6133	0.0828
longphase_coh_indel_methyl	18	6	v5bed	2079702	197271	2069210	777	2265378	809	370685	171	0.0461	0.0357				0.0376
longphase_coh_indel_methyl	18	7	all	2175517	208505	2173349	1797	2381845	1890	392308	309	0.0788	0.0794	20051	208496	9.6170	0.0827
longphase_coh_indel_methyl	18	7	v5bed	2079804	197157	2069291	802	2265362	842	370426	195	0.0526	0.0372				0.0388
longphase_coh_indel_methyl	18	8	all	2174382	208714	2172242	1776	2380952	1869	392613	321	0.0818	0.0785	21107	208711	10.1130	0.0818
longphase_coh_indel_methyl	18	8	v5bed	2079763	197314	2069321	817	2265527	855	370723	212	0.0572	0.0377				0.0395
longphase_coh_indel_methyl	18	9	all	2173780	208695	2171602	1776	2380291	1871	392659	326	0.0830	0.0786	21353	208689	10.2320	0.0818
longphase_coh_indel_methyl	18	9	v5bed	2079276	197401	2068813	785	2265098	820	370940	205	0.0553	0.0362				0.0379
longphase_coh_indel_methyl	20	1	all	2184691	212998	2182636	1676	2395633	1752	400479	275	0.0687	0.0731	22683	212998	10.6494	0.0768
longphase_coh_indel_methyl	20	1	v5bed	2089100	201431	2078721	684	2279042	708	378208	161	0.0426	0.0311				0.0329
longphase_coh_indel_methyl	20	10	all	2183773	213176	2181734	1561	2394909	1668	400878	306	0.0763	0.0696	20737	213175	9.7277	0.0715
longphase_coh_indel_methyl	20	10	v5bed	2088329	201669	2077957	700	2278488	740	378711	182	0.0481	0.0325				0.0337
longphase_coh_indel_methyl	20	2	all	2185436	212803	2183348	1620	2396147	1709	400135	272	0.0680	0.0713	20894	212799	9.8187	0.0742
longphase_coh_indel_methyl	20	2	v5bed	2089654	201320	2079249	692	2279452	734	378058	172	0.0455	0.0322				0.0333
longphase_coh_indel_methyl	20	3	all	2184802	213018	2182798	1588	2395813	1688	400534	289	0.0722	0.0705	20452	213015	9.6012	0.0728
longphase_coh_indel_methyl	20	3	v5bed	2089641	201440	2079300	713	2279625	759	378292	185	0.0489	0.0333				0.0343
longphase_coh_indel_methyl	20	4	all	2184789	213348	2182742	1545	2396086	1637	401045	294	0.0733	0.0683	20341	213345	9.5343	0.0708
longphase_coh_indel_methyl	20	4	v5bed	2089111	201754	2078751	653	2279356	678	378804	174	0.0459	0.0297				0.0314
longphase_coh_indel_methyl	20	5	all	2184438	213032	2182354	1596	2395385	1697	400544	285	0.0712	0.0708	20016	213031	9.3958	0.0731
longphase_coh_indel_methyl	20	5	v5bed	2089429	201546	2078989	688	2279388	730	378421	174	0.0460	0.0320				0.0331
longphase_coh_indel_methyl	20	6	all	2184423	213349	2182374	1605	2395719	1687	401095	295	0.0735	0.0704	21885	213346	10.2580	0.0735
longphase_coh_indel_methyl	20	6	v5bed	2088814	201726	2078434	702	2279042	727	378789	171	0.0451	0.0319				0.0338
longphase_coh_indel_methyl	20	7	all	2185312	213156	2183299	1614	2396453	1703	400769	301	0.0751	0.0711	19554	213155	9.1736	0.0739
longphase_coh_indel_methyl	20	7	v5bed	2090045	201502	2079688	693	2280082	721	378394	175	0.0462	0.0316				0.0333
longphase_coh_indel_methyl	20	8	all	2184463	213092	2182419	1518	2395506	1602	400589	285	0.0711	0.0669	20956	213087	9.8345	0.0696
longphase_coh_indel_methyl	20	8	v5bed	2089264	201482	2078859	614	2279234	639	378288	157	0.0415	0.0280				0.0295
longphase_coh_indel_methyl	20	9	all	2184273	213092	2182230	1638	2395319	1730	400727	311	0.0776	0.0722	19138	213090	8.9812	0.0751
longphase_coh_indel_methyl	20	9	v5bed	2088529	201517	2078169	726	2278575	766	378482	203	0.0536	0.0336				0.0349
longphase_coh_indel_methyl	30	1	all	2196882	224947	2195194	1317	2420139	1403	422187	231	0.0547	0.0580	18218	224945	8.0989	0.0600
longphase_coh_indel_methyl	30	1	v5bed	2102198	212898	2092145	418	2303844	446	399027	117	0.0293	0.0194				0.0200
longphase_coh_indel_methyl	40	1	all	2197619	230136	2196200	1137	2426336	1229	431488	229	0.0531	0.0507	17882	230136	7.7702	0.0518
longphase_coh_indel_methyl	40	1	v5bed	2104367	217900	2094547	341	2311226	373	407933	127	0.0311	0.0161				0.0163
longphase_coh_indel_methyl	50	1	all	2195393	233309	2194130	1098	2427439	1168	437244	191	0.0437	0.0481	16857	233309	7.2252	0.0500
longphase_coh_indel_methyl	50	1	v5bed	2103625	221096	2093993	302	2313842	330	413719	96	0.0232	0.0143				0.0144
longphase_coh_indel_methyl	60	1	all	2192959	234978	2191824	937	2426802	1002	440144	179	0.0407	0.0413	17444	234978	7.4237	0.0427
longphase_coh_indel_methyl	60	1	v5bed	2101906	222701	2092408	267	2313858	291	416479	91	0.0218	0.0126				0.0128
longphase_coh_indel_methyl_gnn	10	1	all	1866872	157755	1861529	1700	2019261	1802	298025	290	0.0973	0.0892	10534	157732	6.6784	0.0913
longphase_coh_indel_methyl_gnn	10	1	v5bed	1790719	149402	1778492	1098	1927048	1162	281987	217	0.0770	0.0603				0.0617
longphase_coh_indel_methyl_gnn	10	10	all	1866188	157439	1860861	1768	2018271	1870	297367	324	0.1090	0.0927	11450	157411	7.2740	0.0950
longphase_coh_indel_methyl_gnn	10	10	v5bed	1788849	149049	1776606	1163	1924805	1229	281242	235	0.0836	0.0639				0.0655
longphase_coh_indel_methyl_gnn	10	2	all	1866503	157361	1861223	1755	2018568	1841	297227	286	0.0962	0.0912	11487	157345	7.3005	0.0943
longphase_coh_indel_methyl_gnn	10	2	v5bed	1790517	149195	1778327	1173	1926668	1231	281490	221	0.0785	0.0639				0.0660
longphase_coh_indel_methyl_gnn	10	3	all	1867528	157780	1862271	1704	2020029	1823	298121	354	0.1187	0.0902	11884	157760	7.5330	0.0915
longphase_coh_indel_methyl_gnn	10	3	v5bed	1791295	149487	1779124	1152	1927727	1239	282153	269	0.0953	0.0643				0.0648
longphase_coh_indel_methyl_gnn	10	4	all	1864307	157277	1859004	1699	2016262	1798	297102	308	0.1037	0.0892	10173	157259	6.4689	0.0914
longphase_coh_indel_methyl_gnn	10	4	v5bed	1788424	149123	1776201	1123	1924463	1191	281346	237	0.0842	0.0619				0.0632
longphase_coh_indel_methyl_gnn	10	5	all	1862780	157055	1857412	1735	2014451	1828	296763	299	0.1008	0.0907	9744	157041	6.2047	0.0934
longphase_coh_indel_methyl_gnn	10	5	v5bed	1785779	148747	1773457	1119	1921349	1175	280710	219	0.0780	0.0612				0.0631
longphase_coh_indel_methyl_gnn	10	6	all	1866354	157674	1861119	1733	2018773	1852	297881	295	0.0990	0.0917	11743	157654	7.4486	0.0931
longphase_coh_indel_methyl_gnn	10	6	v5bed	1789100	149348	1776869	1184	1925348	1275	281813	231	0.0820	0.0662				0.0666
longphase_coh_indel_methyl_gnn	10	7	all	1867473	157394	1862087	1748	2019456	1863	297345	308	0.1036	0.0923	11360	157371	7.2186	0.0939
longphase_coh_indel_methyl_gnn	10	7	v5bed	1791842	149022	1779602	1116	1927744	1200	281257	244	0.0868	0.0622				0.0627
longphase_coh_indel_methyl_gnn	10	8	all	1868236	157333	1862896	1709	2020206	1813	297333	310	0.1043	0.0897	10664	157310	6.7790	0.0917
longphase_coh_indel_methyl_gnn	10	8	v5bed	1792403	149127	1780170	1087	1928410	1162	281497	229	0.0814	0.0603				0.0611
longphase_coh_indel_methyl_gnn	10	9	all	1864771	157101	1859467	1691	2016541	1813	296797	329	0.1109	0.0899	10844	157076	6.9037	0.0909
longphase_coh_indel_methyl_gnn	10	9	v5bed	1789328	148937	1777071	1107	1925161	1187	281030	247	0.0879	0.0617				0.0623
longphase_coh_indel_methyl_gnn	12	1	all	2026857	178771	2022761	1591	2201515	1673	337372	275	0.0815	0.0760	13586	178754	7.6004	0.0787
longphase_coh_indel_methyl_gnn	12	1	v5bed	1943089	169360	1931479	953	2099852	999	319221	200	0.0627	0.0476				0.0493
longphase_coh_indel_methyl_gnn	12	10	all	2025197	178967	2021058	1576	2200006	1683	337689	306	0.0906	0.0765	13064	178950	7.3004	0.0780
longphase_coh_indel_methyl_gnn	12	10	v5bed	1942263	169475	1930568	951	2099118	1027	319417	223	0.0698	0.0489				0.0493
longphase_coh_indel_methyl_gnn	12	2	all	2026366	178892	2022219	1509	2201088	1604	337570	271	0.0803	0.0729	12296	178872	6.8742	0.0746
longphase_coh_indel_methyl_gnn	12	2	v5bed	1943113	169417	1931402	919	2099873	967	319366	185	0.0579	0.0461				0.0476
longphase_coh_indel_methyl_gnn	12	3	all	2026327	178692	2022244	1505	2200918	1605	337083	277	0.0822	0.0729	13384	178674	7.4907	0.0744
longphase_coh_indel_methyl_gnn	12	3	v5bed	1942056	169240	1930349	868	2098631	925	318834	199	0.0624	0.0441				0.0450
longphase_coh_indel_methyl_gnn	12	4	all	2025504	178712	2021342	1532	2200039	1620	337235	264	0.0783	0.0736	12588	178699	7.0442	0.0758
longphase_coh_indel_methyl_gnn	12	4	v5bed	1941310	169219	1929624	939	2097882	994	318959	189	0.0593	0.0474				0.0487
longphase_coh_indel_methyl_gnn	12	5	all	2023252	178663	2019054	1395	2197691	1488	337071	262	0.0777	0.0677	14087	178639	7.8857	0.0691
longphase_coh_indel_methyl_gnn	12	5	v5bed	1940793	169151	1929053	865	2097213	914	318769	187	0.0587	0.0436				0.0448
longphase_coh_indel_methyl_gnn	12	6	all	2028022	178763	2023850	1544	2202596	1648	337347	302	0.0895	0.0748	13169	178746	7.3674	0.0763
longphase_coh_indel_methyl_gnn	12	6	v5bed	1943238	169238	1931534	884	2099824	955	318982	219	0.0687	0.0455				0.0458
longphase_coh_indel_methyl_gnn	12	7	all	2024964	178635	2020812	1576	2199431	1675	337061	290	0.0860	0.0762	12593	178619	7.0502	0.0780
longphase_coh_indel_methyl_gnn	12	7	v5bed	1941692	169240	1930007	963	2098279	1022	318970	213	0.0668	0.0487				0.0499
longphase_coh_indel_methyl_gnn	12	8	all	2023758	178385	2019583	1474	2197951	1550	336602	256	0.0761	0.0705	13532	178369	7.5865	0.0730
longphase_coh_indel_methyl_gnn	12	8	v5bed	1939635	168977	1927938	911	2095990	952	318473	180	0.0565	0.0454				0.0473
longphase_coh_indel_methyl_gnn	12	9	all	2027406	179253	2023273	1427	2202505	1544	338278	297	0.0878	0.0701	11992	179233	6.6907	0.0705
longphase_coh_indel_methyl_gnn	12	9	v5bed	1942077	169645	1930388	886	2099119	956	319794	211	0.0660	0.0455				0.0459
longphase_coh_indel_methyl_gnn	14	1	all	2105407	192641	2101849	1334	2294475	1447	363039	268	0.0738	0.0631	14132	192626	7.3365	0.0635
longphase_coh_indel_methyl_gnn	14	1	v5bed	2017211	182305	2005781	767	2187080	824	343162	185	0.0539	0.0377				0.0382
longphase_coh_indel_methyl_gnn	14	10	all	2107011	191914	2103431	1334	2295335	1438	361742	248	0.0686	0.0626	12816	191906	6.6783	0.0634
longphase_coh_indel_methyl_gnn	14	10	v5bed	2017836	181616	2006439	745	2187026	800	341946	165	0.0483	0.0366				0.0371
longphase_coh_indel_methyl_gnn	14	2	all	2108622	192226	2105056	1288	2297271	1373	362216	201	0.0555	0.0598	13339	192215	6.9396	0.0612
longphase_coh_indel_methyl_gnn	14	2	v5bed	2020009	181896	2008590	709	2189482	752	342350	133	0.0388	0.0343				0.0353
longphase_coh_indel_methyl_gnn	14	3	all	2108663	192088	2105110	1266	2297186	1362	362129	276	0.0762	0.0593	12983	192076	6.7593	0.0601
longphase_coh_indel_methyl_gnn	14	3	v5bed	2019694	181799	2008330	681	2189110	752	342336	202	0.0590	0.0344				0.0339
longphase_coh_indel_methyl_gnn	14	4	all	2107973	192232	2104443	1358	2296667	1437	362320	252	0.0696	0.0626	15401	192224	8.0120	0.0645
longphase_coh_indel_methyl_gnn	14	4	v5bed	2018807	181862	2007424	776	2188303	817	342421	173	0.0505	0.0373				0.0387
longphase_coh_indel_methyl_gnn	14	5	all	2106482	192223	2103044	1338	2295258	1427	362244	242	0.0668	0.0622	15388	192214	8.0057	0.0636
longphase_coh_indel_methyl_gnn	14	5	v5bed	2018171	181971	2006878	746	2187872	793	342562	161	0.0470	0.0362				0.0372
longphase_coh_indel_methyl_gnn	14	6	all	2106438	191794	2102934	1288	2294716	1373	361560	251	0.0694	0.0598	13973	191782	7.2859	0.0612
longphase_coh_indel_methyl_gnn	14	6	v5bed	2017308	181592	2005976	712	2186534	767	341940	177	0.0518	0.0351				0.0355
longphase_coh_indel_methyl_gnn	14	7	all	2107355	192091	2103859	1298	2295934	1378	362265	244	0.0674	0.0600	14139	192075	7.3612	0.0617
longphase_coh_indel_methyl_gnn	14	7	v5bed	2018276	181847	2006896	730	2187738	767	342481	167	0.0488	0.0351				0.0364
longphase_coh_indel_methyl_gnn	14	8	all	2106323	191925	2102847	1273	2294759	1382	361763	270	0.0746	0.0602	13881	191913	7.2330	0.0605
longphase_coh_indel_methyl_gnn	14	8	v5bed	2017380	181582	2006064	729	2186653	788	341878	179	0.0524	0.0360				0.0363
longphase_coh_indel_methyl_gnn	14	9	all	2107289	192328	2103796	1273	2296113	1350	362644	240	0.0662	0.0588	12224	192317	6.3562	0.0605
longphase_coh_indel_methyl_gnn	14	9	v5bed	2019012	182021	2007689	705	2188692	745	342777	165	0.0481	0.0340				0.0351
longphase_coh_indel_methyl_gnn	16	1	all	2149558	201153	2146445	1144	2347585	1231	378687	237	0.0626	0.0524	13818	201142	6.8698	0.0533
longphase_coh_indel_methyl_gnn	16	1	v5bed	2057161	190262	2046017	557	2235234	600	357738	153	0.0428	0.0268				0.0272
longphase_coh_indel_methyl_gnn	16	10	all	2148268	200957	2145119	1231	2346072	1306	378372	221	0.0584	0.0557	12395	200953	6.1681	0.0574
longphase_coh_indel_methyl_gnn	16	10	v5bed	2057326	190257	2046189	589	2235414	634	357823	135	0.0377	0.0284				0.0288
longphase_coh_indel_methyl_gnn	16	2	all	2148007	200872	2144887	1188	2345752	1276	378360	241	0.0637	0.0544	12786	200865	6.3655	0.0554
longphase_coh_indel_methyl_gnn	16	2	v5bed	2056724	190131	2045600	583	2234677	638	357695	156	0.0436	0.0285				0.0285
longphase_coh_indel_methyl_gnn	16	3	all	2147311	200931	2144199	1130	2345117	1201	378413	206	0.0544	0.0512	13874	200919	6.9053	0.0527
longphase_coh_indel_methyl_gnn	16	3	v5bed	2056346	190178	2045235	559	2234323	593	357700	129	0.0361	0.0265				0.0273
longphase_coh_indel_methyl_gnn	16	4	all	2147207	201041	2144096	1151	2345125	1229	378626	217	0.0573	0.0524	14510	201029	7.2179	0.0537
longphase_coh_indel_methyl_gnn	16	4	v5bed	2056294	190244	2045169	565	2234363	608	357791	142	0.0397	0.0272				0.0276
longphase_coh_indel_methyl_gnn	16	5	all	2149133	201278	2146006	1113	2347274	1213	378992	239	0.0631	0.0517	12264	201269	6.0933	0.0519
longphase_coh_indel_methyl_gnn	16	5	v5bed	2058303	190488	2047170	580	2236627	630	358261	146	0.0408	0.0282				0.0283
longphase_coh_indel_methyl_gnn	16	6	all	2148058	201220	2144943	1208	2346158	1295	378938	243	0.0641	0.0552	13457	201215	6.6879	0.0563
longphase_coh_indel_methyl_gnn	16	6	v5bed	2056726	190508	2045581	617	2235034	653	358314	149	0.0416	0.0292				0.0302
longphase_coh_indel_methyl_gnn	16	7	all	2148826	200989	2145670	1159	2346654	1245	378548	220	0.0581	0.0531	14936	200984	7.4314	0.0540
longphase_coh_indel_methyl_gnn	16	7	v5bed	2057063	190118	2045891	568	2234994	606	357598	123	0.0344	0.0271				0.0278
longphase_coh_indel_methyl_gnn	16	8	all	2147431	201234	2144246	1185	2345467	1250	378652	211	0.0557	0.0533	13461	201223	6.6896	0.0553
longphase_coh_indel_methyl_gnn	16	8	v5bed	2056372	190491	2045177	596	2234586	620	357969	124	0.0346	0.0277				0.0291
longphase_coh_indel_methyl_gnn	16	9	all	2149477	201194	2146397	1149	2347575	1245	378967	247	0.0652	0.0530	13664	201178	6.7920	0.0535
longphase_coh_indel_methyl_gnn	16	9	v5bed	2058628	190400	2047528	600	2236885	663	358219	175	0.0489	0.0296				0.0293
longphase_coh_indel_methyl_gnn	18	1	all	2168988	207392	2166082	1082	2373467	1176	390236	224	0.0574	0.0495	12043	207387	5.8070	0.0500
longphase_coh_indel_methyl_gnn	18	1	v5bed	2076576	196283	2065585	514	2260769	550	368828	130	0.0352	0.0243				0.0249
longphase_coh_indel_methyl_gnn	18	10	all	2170822	207679	2167988	1094	2375659	1170	390705	210	0.0537	0.0492	13669	207671	6.5820	0.0505
longphase_coh_indel_methyl_gnn	18	10	v5bed	2077665	196506	2066734	498	2262138	535	369206	126	0.0341	0.0237				0.0241
longphase_coh_indel_methyl_gnn	18	2	all	2171509	207409	2168605	1089	2376005	1176	390224	234	0.0600	0.0495	12863	207400	6.2020	0.0502
longphase_coh_indel_methyl_gnn	18	2	v5bed	2077685	196201	2066717	487	2261823	532	368692	156	0.0423	0.0235				0.0236
longphase_coh_indel_methyl_gnn	18	3	all	2169853	207580	2167024	1136	2374596	1214	390635	203	0.0520	0.0511	12664	207572	6.1010	0.0524
longphase_coh_indel_methyl_gnn	18	3	v5bed	2077073	196363	2066184	533	2261462	570	369053	119	0.0322	0.0252				0.0258
longphase_coh_indel_methyl_gnn	18	4	all	2171082	207674	2168164	1104	2375829	1183	390697	216	0.0553	0.0498	13054	207665	6.2861	0.0509
longphase_coh_indel_methyl_gnn	18	4	v5bed	2078542	196484	2067505	492	2262917	532	369184	135	0.0366	0.0235				0.0238
longphase_coh_indel_methyl_gnn	18	5	all	2170323	207626	2167475	1075	2375088	1160	390609	226	0.0579	0.0488	13800	207613	6.6470	0.0496
longphase_coh_indel_methyl_gnn	18	5	v5bed	2077028	196399	2066060	489	2261365	530	369021	142	0.0385	0.0234				0.0237
longphase_coh_indel_methyl_gnn	18	6	all	2170434	207610	2167549	1073	2375154	1150	390601	203	0.0520	0.0484	12784	207605	6.1578	0.0495
longphase_coh_indel_methyl_gnn	18	6	v5bed	2077485	196449	2066491	460	2261864	496	369137	114	0.0309	0.0219				0.0223
longphase_coh_indel_methyl_gnn	18	7	all	2171297	207480	2168419	1053	2375888	1129	390343	204	0.0523	0.0475	12507	207470	6.0283	0.0486
longphase_coh_indel_methyl_gnn	18	7	v5bed	2077665	196296	2066670	477	2261907	509	368811	119	0.0323	0.0225				0.0231
longphase_coh_indel_methyl_gnn	18	8	all	2170091	207663	2167229	1084	2374881	1148	390610	210	0.0538	0.0483	12375	207653	5.9595	0.0500
longphase_coh_indel_methyl_gnn	18	8	v5bed	2077540	196416	2066580	528	2261911	557	369036	129	0.0350	0.0246				0.0255
longphase_coh_indel_methyl_gnn	18	9	all	2169788	207742	2166931	1071	2374660	1144	390814	197	0.0504	0.0482	12619	207729	6.0747	0.0494
longphase_coh_indel_methyl_gnn	18	9	v5bed	2077289	196581	2066353	482	2261833	525	369375	128	0.0347	0.0232				0.0233
longphase_coh_indel_methyl_gnn	20	1	all	2181114	212125	2178430	1041	2390548	1109	398821	191	0.0479	0.0464	14464	212119	6.8188	0.0478
longphase_coh_indel_methyl_gnn	20	1	v5bed	2087302	200685	2076491	422	2276083	444	376816	104	0.0276	0.0195				0.0203
longphase_coh_indel_methyl_gnn	20	10	all	2180188	212340	2177517	960	2389851	1055	399274	221	0.0554	0.0441	12145	212334	5.7198	0.0441
longphase_coh_indel_methyl_gnn	20	10	v5bed	2086645	200953	2075844	438	2275678	475	377359	119	0.0315	0.0209				0.0211
longphase_coh_indel_methyl_gnn	20	2	all	2181704	211871	2178969	996	2390832	1072	398371	188	0.0472	0.0448	13111	211863	6.1884	0.0457
longphase_coh_indel_methyl_gnn	20	2	v5bed	2087887	200541	2077028	423	2276468	460	376605	116	0.0308	0.0202				0.0204
longphase_coh_indel_methyl_gnn	20	3	all	2181302	212150	2178643	958	2390785	1046	398851	203	0.0509	0.0438	13235	212143	6.2387	0.0440
longphase_coh_indel_methyl_gnn	20	3	v5bed	2088068	200718	2077263	435	2276874	474	376902	122	0.0324	0.0208				0.0209
longphase_coh_indel_methyl_gnn	20	4	all	2181441	212470	2178753	937	2391213	1011	399381	198	0.0496	0.0423	11498	212461	5.4118	0.0430
longphase_coh_indel_methyl_gnn	20	4	v5bed	2087528	201024	2076715	388	2276604	411	377423	109	0.0289	0.0181				0.0187
longphase_coh_indel_methyl_gnn	20	5	all	2180779	212078	2178082	968	2390152	1054	398727	191	0.0479	0.0441	10948	212070	5.1624	0.0444
longphase_coh_indel_methyl_gnn	20	5	v5bed	2087626	200753	2076765	422	2276393	458	376921	107	0.0284	0.0201				0.0203
longphase_coh_indel_methyl_gnn	20	6	all	2180759	212352	2178047	935	2390391	1005	399209	200	0.0501	0.0420	13479	212344	6.3477	0.0429
longphase_coh_indel_methyl_gnn	20	6	v5bed	2087086	200881	2076229	417	2276008	437	377216	106	0.0281	0.0192				0.0201
longphase_coh_indel_methyl_gnn	20	7	all	2181882	212330	2179233	973	2391557	1048	399171	204	0.0511	0.0438	11551	212324	5.4403	0.0446
longphase_coh_indel_methyl_gnn	20	7	v5bed	2088558	200792	2077757	432	2277451	459	377039	103	0.0273	0.0202				0.0208
longphase_coh_indel_methyl_gnn	20	8	all	2181032	212212	2178375	971	2390581	1039	398900	201	0.0504	0.0435	13859	212206	6.5309	0.0446
longphase_coh_indel_methyl_gnn	20	8	v5bed	2087627	200732	2076800	399	2276447	422	376866	103	0.0273	0.0185				0.0192
longphase_coh_indel_methyl_gnn	20	9	all	2180551	212170	2177878	985	2390041	1064	398946	214	0.0536	0.0445	11620	212163	5.4769	0.0452
longphase_coh_indel_methyl_gnn	20	9	v5bed	2086788	200738	2076008	446	2275655	485	376996	135	0.0358	0.0213				0.0215
longphase_coh_indel_methyl_gnn	30	1	all	2194318	224249	2192181	842	2416429	922	420869	182	0.0432	0.0382	11899	224248	5.3062	0.0384
longphase_coh_indel_methyl_gnn	30	1	v5bed	2101334	212317	2090993	279	2302130	305	397953	86	0.0216	0.0132				0.0133
longphase_coh_indel_methyl_gnn	40	1	all	2195398	229490	2193564	722	2423053	805	430251	180	0.0418	0.0332	11307	229489	4.9270	0.0329
longphase_coh_indel_methyl_gnn	40	1	v5bed	2103773	217368	2093691	209	2309845	240	406939	95	0.0233	0.0104				0.0100
longphase_coh_indel_methyl_gnn	50	1	all	2193347	232724	2191708	674	2424431	741	436121	143	0.0328	0.0306	8983	232723	3.8600	0.0308
longphase_coh_indel_methyl_gnn	50	1	v5bed	2103150	220629	2093291	171	2312688	198	412846	62	0.0150	0.0086				0.0082
longphase_coh_indel_methyl_gnn	60	1	all	2191198	234437	2189739	593	2424175	656	439106	137	0.0312	0.0271	8765	234436	3.7388	0.0271
longphase_coh_indel_methyl_gnn	60	1	v5bed	2101468	222266	2091763	151	2312793	175	415664	63	0.0152	0.0076				0.0072
longphase_coh_indel_sv	10	1	all	1873896	159257	1869746	2907	2028993	3027	300925	472	0.1568	0.1492	17462	159247	10.9654	0.1555
longphase_coh_indel_sv	10	1	v5bed	1795805	150755	1784501	1870	1934401	1948	284558	366	0.1286	0.1007				0.1048
longphase_coh_indel_sv	10	10	all	1873933	159059	1869742	3016	2028786	3170	300457	524	0.1744	0.1563	17674	159044	11.1126	0.1613
longphase_coh_indel_sv	10	10	v5bed	1794423	150488	1783052	1917	1932665	2010	283940	380	0.1338	0.1040				0.1075
longphase_coh_indel_sv	10	2	all	1874119	158903	1869928	2951	2028820	3057	300189	473	0.1576	0.1507	17278	158892	10.8741	0.1578
longphase_coh_indel_sv	10	2	v5bed	1796070	150575	1784695	1937	1934406	2000	284107	367	0.1292	0.1034				0.1085
longphase_coh_indel_sv	10	3	all	1875177	159394	1871050	2928	2030435	3090	301191	551	0.1829	0.1522	17972	159386	11.2758	0.1565
longphase_coh_indel_sv	10	3	v5bed	1796813	150906	1785518	1931	1935523	2036	284830	422	0.1482	0.1052				0.1081
longphase_coh_indel_sv	10	4	all	1871700	158836	1867554	2899	2026379	3031	300046	494	0.1646	0.1496	16714	158826	10.5235	0.1552
longphase_coh_indel_sv	10	4	v5bed	1793657	150486	1782322	1863	1931926	1947	283893	374	0.1317	0.1008				0.1045
longphase_coh_indel_sv	10	5	all	1870508	158764	1866261	2901	2025014	3016	299995	452	0.1507	0.1489	16417	158754	10.3412	0.1554
longphase_coh_indel_sv	10	5	v5bed	1791407	150290	1779950	1855	1929364	1922	283594	333	0.1174	0.0996				0.1042
longphase_coh_indel_sv	10	6	all	1873808	159292	1869598	2917	2028876	3064	300951	493	0.1638	0.1510	18751	159279	11.7724	0.1560
longphase_coh_indel_sv	10	6	v5bed	1794431	150796	1782987	1928	1932890	2028	284538	389	0.1367	0.1049				0.1081
longphase_coh_indel_sv	10	7	all	1874917	158978	1870658	2990	2029626	3144	300375	497	0.1655	0.1549	17106	158969	10.7606	0.1598
longphase_coh_indel_sv	10	7	v5bed	1797197	150450	1785839	1900	1935405	2006	283951	385	0.1356	0.1036				0.1064
longphase_coh_indel_sv	10	8	all	1875730	158915	1871611	2981	2030515	3124	300375	507	0.1688	0.1539	17522	158904	11.0268	0.1593
longphase_coh_indel_sv	10	8	v5bed	1797935	150561	1786685	1939	1936344	2033	284219	385	0.1355	0.1050				0.1085
longphase_coh_indel_sv	10	9	all	1872065	158734	1867937	2846	2026660	3014	299911	517	0.1724	0.1487	17131	158723	10.7930	0.1524
longphase_coh_indel_sv	10	9	v5bed	1794653	150434	1783310	1898	1932881	2012	283839	407	0.1434	0.1041				0.1064
longphase_coh_indel_sv	12	1	all	2032957	180216	2029806	2624	2210018	2725	340148	439	0.1291	0.1233	20540	180213	11.3976	0.1293
longphase_coh_indel_sv	12	1	v5bed	1947220	170634	1936336	1593	2105965	1648	321629	325	0.1010	0.0783				0.0823
longphase_coh_indel_sv	12	10	all	2031588	180418	2028435	2717	2208846	2845	340465	453	0.1331	0.1288	20791	180412	11.5242	0.1339
longphase_coh_indel_sv	12	10	v5bed	1946518	170750	1935542	1622	2105349	1708	321821	349	0.1084	0.0811				0.0838
longphase_coh_indel_sv	12	2	all	2032740	180319	2029596	2576	2209908	2710	340323	461	0.1355	0.1226	20851	180312	11.5638	0.1269
longphase_coh_indel_sv	12	2	v5bed	1947460	170696	1936512	1587	2106251	1651	321806	332	0.1032	0.0784				0.0820
longphase_coh_indel_sv	12	3	all	2032425	180077	2029312	2541	2209382	2679	339756	451	0.1327	0.1213	22406	180070	12.4429	0.1252
longphase_coh_indel_sv	12	3	v5bed	1946224	170453	1935253	1498	2104727	1571	321146	325	0.1012	0.0746				0.0774
longphase_coh_indel_sv	12	4	all	2031684	180203	2028486	2587	2208683	2705	340105	423	0.1244	0.1225	20595	180198	11.4291	0.1275
longphase_coh_indel_sv	12	4	v5bed	1945438	170550	1934481	1577	2104041	1638	321462	306	0.0952	0.0779				0.0815
longphase_coh_indel_sv	12	5	all	2030250	180211	2027094	2602	2207296	2734	340008	429	0.1262	0.1239	22667	180202	12.5787	0.1284
longphase_coh_indel_sv	12	5	v5bed	1945546	170533	1934604	1583	2104125	1650	321354	313	0.0974	0.0784				0.0818
longphase_coh_indel_sv	12	6	all	2034317	180215	2031092	2591	2211296	2724	340100	485	0.1426	0.1232	22012	180204	12.2150	0.1276
longphase_coh_indel_sv	12	6	v5bed	1947329	170510	1936351	1523	2105899	1604	321370	349	0.1086	0.0762				0.0787
longphase_coh_indel_sv	12	7	all	2031446	180102	2028280	2606	2208375	2736	339875	461	0.1356	0.1239	21406	180095	11.8859	0.1285
longphase_coh_indel_sv	12	7	v5bed	1945982	170518	1935059	1596	2104577	1659	321387	325	0.1011	0.0788				0.0825
longphase_coh_indel_sv	12	8	all	2030395	179834	2027210	2611	2207037	2739	339337	457	0.1347	0.1241	21011	179827	11.6840	0.1288
longphase_coh_indel_sv	12	8	v5bed	1944059	170236	1933088	1609	2102382	1673	320814	331	0.1032	0.0796				0.0832
longphase_coh_indel_sv	12	9	all	2033647	180615	2030510	2457	2211116	2607	340883	446	0.1308	0.1179	20488	180606	11.3440	0.1210
longphase_coh_indel_sv	12	9	v5bed	1946230	170890	1935269	1516	2105236	1610	322125	329	0.1021	0.0765				0.0783
longphase_coh_indel_sv	14	1	all	2110877	193898	2108169	2239	2302063	2374	365447	414	0.1133	0.1031	22051	193895	11.3727	0.1062
longphase_coh_indel_sv	14	1	v5bed	2020673	183383	2009867	1294	2192229	1364	345234	295	0.0854	0.0622				0.0644
longphase_coh_indel_sv	14	10	all	2112382	193157	2109617	2205	2302768	2321	364107	399	0.1096	0.1008	21050	193152	10.8982	0.1045
longphase_coh_indel_sv	14	10	v5bed	2021224	182697	2010435	1271	2192073	1331	343972	288	0.0837	0.0607				0.0632
longphase_coh_indel_sv	14	2	all	2114064	193562	2111337	2218	2304893	2320	364747	344	0.0943	0.1007	21766	193556	11.2453	0.1051
longphase_coh_indel_sv	14	2	v5bed	2023465	183037	2012654	1205	2194665	1256	344483	234	0.0679	0.0572				0.0599
longphase_coh_indel_sv	14	3	all	2114045	193344	2111322	2216	2304659	2342	364532	418	0.1147	0.1016	21055	193337	10.8903	0.1050
longphase_coh_indel_sv	14	3	v5bed	2022947	182855	2012160	1214	2193976	1291	344339	301	0.0874	0.0588				0.0603
longphase_coh_indel_sv	14	4	all	2113508	193471	2110863	2268	2304330	2371	364720	378	0.1036	0.1029	22300	193467	11.5265	0.1074
longphase_coh_indel_sv	14	4	v5bed	2022212	182931	2011497	1293	2193417	1339	344463	272	0.0790	0.0610				0.0643
longphase_coh_indel_sv	14	5	all	2111631	193478	2109008	2284	2302481	2396	364628	374	0.1026	0.1041	24448	193473	12.6364	0.1083
longphase_coh_indel_sv	14	5	v5bed	2021458	183070	2010764	1284	2192821	1331	344636	258	0.0749	0.0607				0.0639
longphase_coh_indel_sv	14	6	all	2111731	193062	2109014	2255	2302067	2354	363980	380	0.1044	0.1023	23056	193053	11.9428	0.1069
longphase_coh_indel_sv	14	6	v5bed	2020636	182693	2009885	1262	2191517	1321	344020	278	0.0808	0.0603				0.0628
longphase_coh_indel_sv	14	7	all	2112756	193372	2110042	2160	2303405	2268	364699	409	0.1121	0.0985	21960	193364	11.3568	0.1024
longphase_coh_indel_sv	14	7	v5bed	2021691	182932	2010884	1223	2192794	1272	344518	296	0.0859	0.0580				0.0608
longphase_coh_indel_sv	14	8	all	2111721	193164	2109005	2267	2302165	2395	364118	401	0.1101	0.1040	21955	193160	11.3662	0.1075
longphase_coh_indel_sv	14	8	v5bed	2020537	182658	2009737	1202	2191378	1264	343890	273	0.0794	0.0577				0.0598
longphase_coh_indel_sv	14	9	all	2112247	193519	2109528	2185	2303041	2295	364896	384	0.1052	0.0997	21670	193513	11.1982	0.1036
longphase_coh_indel_sv	14	9	v5bed	2022080	183035	2011315	1245	2193301	1295	344673	266	0.0772	0.0590				0.0619
longphase_coh_indel_sv	16	1	all	2153756	202285	2151227	1883	2353508	1988	380801	351	0.0922	0.0845	22157	202281	10.9536	0.0875
longphase_coh_indel_sv	16	1	v5bed	2059476	191235	2048750	949	2238932	997	359527	239	0.0665	0.0445				0.0463
longphase_coh_indel_sv	16	10	all	2152697	202051	2150223	2051	2352268	2162	380467	356	0.0936	0.0919	22888	202045	11.3282	0.0954
longphase_coh_indel_sv	16	10	v5bed	2059971	191225	2049291	1023	2239461	1087	359649	244	0.0678	0.0485				0.0499
longphase_coh_indel_sv	16	2	all	2152452	201986	2150004	1940	2351986	2045	380445	366	0.0962	0.0869	21672	201982	10.7297	0.0902
longphase_coh_indel_sv	16	2	v5bed	2058959	191055	2048312	979	2238288	1037	359405	249	0.0693	0.0463				0.0478
longphase_coh_indel_sv	16	3	all	2151607	202041	2149114	1905	2351149	2011	380499	357	0.0938	0.0855	22884	202035	11.3268	0.0886
longphase_coh_indel_sv	16	3	v5bed	2058696	191136	2048016	973	2238041	1018	359476	236	0.0657	0.0455				0.0475
longphase_coh_indel_sv	16	4	all	2151536	202131	2149118	2058	2351245	2161	380733	361	0.0948	0.0919	20658	202127	10.2203	0.0958
longphase_coh_indel_sv	16	4	v5bed	2058677	191193	2048030	1035	2238169	1087	359610	255	0.0709	0.0486				0.0505
longphase_coh_indel_sv	16	5	all	2153683	202430	2151242	2055	2353669	2168	381175	358	0.0939	0.0921	21274	202427	10.5095	0.0955
longphase_coh_indel_sv	16	5	v5bed	2060753	191494	2050082	1045	2240537	1099	360133	247	0.0686	0.0491				0.0510
longphase_coh_indel_sv	16	6	all	2152314	202203	2149862	2038	2352063	2141	380821	361	0.0948	0.0910	21697	202201	10.7304	0.0948
longphase_coh_indel_sv	16	6	v5bed	2058993	191348	2048315	1043	2238593	1083	359898	232	0.0645	0.0484				0.0509
longphase_coh_indel_sv	16	7	all	2153170	202136	2150707	1973	2352842	2085	380699	362	0.0951	0.0886	21831	202135	10.8002	0.0917
longphase_coh_indel_sv	16	7	v5bed	2059434	191090	2048739	972	2238793	1021	359404	231	0.0643	0.0456				0.0474
longphase_coh_indel_sv	16	8	all	2151779	202306	2149284	2017	2351585	2101	380703	321	0.0843	0.0893	23282	202301	11.5086	0.0938
longphase_coh_indel_sv	16	8	v5bed	2058670	191418	2047971	1021	2238297	1049	359713	210	0.0584	0.0469				0.0499
longphase_coh_indel_sv	16	9	all	2153652	202291	2151203	1985	2353488	2088	381040	360	0.0945	0.0887	21942	202285	10.8471	0.0923
longphase_coh_indel_sv	16	9	v5bed	2060858	191379	2050188	1031	2240517	1100	360045	264	0.0733	0.0491				0.0503
longphase_coh_indel_sv	18	1	all	2173016	208425	2170679	1821	2379100	1928	392203	339	0.0864	0.0810	21766	208423	10.4432	0.0839
longphase_coh_indel_sv	18	1	v5bed	2078534	197151	2067908	872	2263951	913	370453	216	0.0583	0.0403				0.0422
longphase_coh_indel_sv	18	10	all	2174412	208638	2172048	1845	2380681	1945	392485	316	0.0805	0.0817	21303	208633	10.2108	0.0849
longphase_coh_indel_sv	18	10	v5bed	2079413	197344	2068778	855	2265020	902	370740	201	0.0542	0.0398				0.0413
longphase_coh_indel_sv	18	2	all	2175317	208290	2172949	1832	2381232	1940	391869	329	0.0840	0.0815	21860	208283	10.4953	0.0843
longphase_coh_indel_sv	18	2	v5bed	2079451	196953	2068833	839	2264680	890	370071	216	0.0584	0.0393				0.0406
longphase_coh_indel_sv	18	3	all	2173500	208562	2171198	1814	2379759	1913	392485	314	0.0800	0.0804	19785	208561	9.4864	0.0835
longphase_coh_indel_sv	18	3	v5bed	2078692	197192	2068146	831	2264240	879	370596	199	0.0537	0.0388				0.0402
longphase_coh_indel_sv	18	4	all	2174920	208674	2172592	1795	2381262	1892	392591	327	0.0833	0.0795	22254	208670	10.6647	0.0826
longphase_coh_indel_sv	18	4	v5bed	2080553	197353	2069906	849	2266164	901	370805	219	0.0591	0.0398				0.0410
longphase_coh_indel_sv	18	5	all	2173847	208498	2171525	1773	2380017	1881	392261	327	0.0834	0.0790	21685	208492	10.4009	0.0816
longphase_coh_indel_sv	18	5	v5bed	2078701	197147	2068085	802	2264127	852	370419	214	0.0578	0.0376				0.0388
longphase_coh_indel_sv	18	6	all	2174087	208493	2171731	1793	2380220	1884	392276	298	0.0760	0.0792	20744	208489	9.9497	0.0826
longphase_coh_indel_sv	18	6	v5bed	2079211	197206	2068564	802	2264668	835	370557	180	0.0486	0.0369				0.0388
longphase_coh_indel_sv	18	7	all	2175156	208454	2172841	1853	2381286	1946	392193	311	0.0793	0.0817	21459	208445	10.2948	0.0853
longphase_coh_indel_sv	18	7	v5bed	2079470	197108	2068823	861	2264844	903	370318	201	0.0543	0.0399				0.0416
longphase_coh_indel_sv	18	8	all	2174137	208684	2171851	1817	2380530	1907	392537	337	0.0859	0.0801	21698	208680	10.3977	0.0837
longphase_coh_indel_sv	18	8	v5bed	2079515	197294	2068948	869	2265134	910	370669	232	0.0626	0.0402				0.0420
longphase_coh_indel_sv	18	9	all	2173526	208641	2171187	1764	2379821	1853	392534	310	0.0790	0.0779	19515	208634	9.3537	0.0812
longphase_coh_indel_sv	18	9	v5bed	2079011	197340	2068395	794	2264616	829	370812	197	0.0531	0.0366				0.0384
longphase_coh_indel_sv	20	1	all	2184420	212933	2182201	1736	2395133	1810	400332	285	0.0712	0.0756	21635	212933	10.1605	0.0796
longphase_coh_indel_sv	20	1	v5bed	2088809	201362	2078283	743	2278535	770	378062	177	0.0468	0.0338				0.0358
longphase_coh_indel_sv	20	10	all	2183433	213102	2181241	1614	2394341	1719	400733	314	0.0784	0.0718	21243	213100	9.9686	0.0740
longphase_coh_indel_sv	20	10	v5bed	2087955	201606	2077439	742	2277908	784	378586	198	0.0523	0.0344				0.0357
longphase_coh_indel_sv	20	2	all	2185066	212764	2182847	1700	2395606	1791	400042	302	0.0755	0.0748	22134	212759	10.4033	0.0779
longphase_coh_indel_sv	20	2	v5bed	2089320	201281	2078795	765	2278962	811	377970	200	0.0529	0.0356				0.0368
longphase_coh_indel_sv	20	3	all	2184380	212952	2182219	1647	2395165	1743	400390	308	0.0769	0.0728	20926	212946	9.8269	0.0755
longphase_coh_indel_sv	20	3	v5bed	2089253	201379	2078761	764	2279024	807	378149	206	0.0545	0.0354				0.0368
longphase_coh_indel_sv	20	4	all	2184544	213297	2182303	1616	2395595	1699	400941	300	0.0748	0.0709	20522	213293	9.6215	0.0741
longphase_coh_indel_sv	20	4	v5bed	2088865	201720	2078320	702	2278897	730	378726	185	0.0488	0.0320				0.0338
longphase_coh_indel_sv	20	5	all	2184140	212958	2181887	1645	2394843	1744	400391	289	0.0722	0.0728	19891	212956	9.3404	0.0754
longphase_coh_indel_sv	20	5	v5bed	2089179	201497	2078597	714	2278951	761	378309	182	0.0481	0.0334				0.0344
longphase_coh_indel_sv	20	6	all	2183891	213279	2181656	1647	2394931	1734	400943	316	0.0788	0.0724	21557	213276	10.1076	0.0755
longphase_coh_indel_sv	20	6	v5bed	2088441	201661	2077901	743	2278450	771	378660	180	0.0475	0.0338				0.0358
longphase_coh_indel_sv	20	7	all	2184746	213082	2182565	1682	2395643	1778	400616	332	0.0829	0.0742	20003	213078	9.3876	0.0771
longphase_coh_indel_sv	20	7	v5bed	2089506	201431	2079001	729	2279315	760	378239	201	0.0531	0.0333				0.0351
longphase_coh_indel_sv	20	8	all	2184150	213031	2181939	1569	2394964	1658	400464	303	0.0757	0.0692	19761	213025	9.2764	0.0719
longphase_coh_indel_sv	20	8	v5bed	2088984	201437	2078433	675	2278768	703	378196	173	0.0457	0.0309				0.0325
longphase_coh_indel_sv	20	9	all	2183770	213034	2181550	1712	2394580	1798	400583	312	0.0779	0.0751	19795	213031	9.2921	0.0785
longphase_coh_indel_sv	20	9	v5bed	2088113	201474	2077589	780	2277949	818	378352	205	0.0542	0.0359				0.0375
longphase_coh_indel_sv	30	1	all	2196783	224899	2194950	1323	2419846	1414	422067	239	0.0566	0.0584	19172	224896	8.5248	0.0603
longphase_coh_indel_sv	30	1	v5bed	2102067	212874	2091877	416	2303558	447	398948	127	0.0318	0.0194				0.0199
longphase_coh_indel_sv	40	1	all	2197417	230084	2195858	1168	2425941	1263	431353	238	0.0552	0.0521	17880	230083	7.7711	0.0532
longphase_coh_indel_sv	40	1	v5bed	2104223	217854	2094276	362	2310915	396	407823	132	0.0324	0.0171				0.0173
longphase_coh_indel_sv	50	1	all	2194955	233212	2193566	1098	2426778	1166	437033	196	0.0448	0.0480	15104	233212	6.4765	0.0501
longphase_coh_indel_sv	50	1	v5bed	2103264	221039	2093529	315	2313335	347	413581	108	0.0261	0.0150				0.0150
longphase_coh_indel_sv	60	1	all	2192350	234905	2191107	952	2426012	1020	439980	187	0.0425	0.0420	15288	234905	6.5082	0.0434
longphase_coh_indel_sv	60	1	v5bed	2101360	222653	2091780	282	2313192	306	416368	93	0.0223	0.0132				0.0135
longphase_coh_indel_sv_gnn	10	1	all	1865762	157402	1860294	1686	2017677	1781	297421	262	0.0881	0.0883	10268	157383	6.5242	0.0906
longphase_coh_indel_sv_gnn	10	1	v5bed	1789784	149109	1777450	1079	1925724	1138	281472	193	0.0686	0.0591				0.0607
longphase_coh_indel_sv_gnn	10	10	all	1865488	157106	1859992	1745	2017074	1849	296764	319	0.1075	0.0917	10568	157083	6.7277	0.0938
longphase_coh_indel_sv_gnn	10	10	v5bed	1788310	148768	1775956	1121	1923891	1185	280736	226	0.0805	0.0616				0.0631
longphase_coh_indel_sv_gnn	10	2	all	1866039	157109	1860593	1748	2017686	1835	296773	285	0.0960	0.0909	11525	157093	7.3364	0.0939
longphase_coh_indel_sv_gnn	10	2	v5bed	1790008	148962	1777668	1149	1925804	1208	281084	222	0.0790	0.0627				0.0646
longphase_coh_indel_sv_gnn	10	3	all	1866561	157480	1861087	1686	2018547	1809	297556	346	0.1163	0.0896	11159	157461	7.0868	0.0906
longphase_coh_indel_sv_gnn	10	3	v5bed	1790354	149210	1778011	1107	1926352	1197	281637	254	0.0902	0.0621				0.0623
longphase_coh_indel_sv_gnn	10	4	all	1863610	156993	1858192	1697	2015164	1802	296579	309	0.1042	0.0894	9903	156974	6.3087	0.0913
longphase_coh_indel_sv_gnn	10	4	v5bed	1787768	148869	1775452	1108	1923466	1182	280885	237	0.0844	0.0615				0.0624
longphase_coh_indel_sv_gnn	10	5	all	1862107	156771	1856551	1693	2013299	1777	296232	281	0.0949	0.0883	9328	156751	5.9508	0.0912
longphase_coh_indel_sv_gnn	10	5	v5bed	1785149	148498	1772659	1094	1920315	1144	280262	206	0.0735	0.0596				0.0617
longphase_coh_indel_sv_gnn	10	6	all	1865654	157416	1860236	1684	2017631	1791	297415	279	0.0938	0.0888	11436	157395	7.2658	0.0905
longphase_coh_indel_sv_gnn	10	6	v5bed	1788485	149131	1776105	1144	1924381	1227	281437	218	0.0775	0.0638				0.0644
longphase_coh_indel_sv_gnn	10	7	all	1866580	157122	1861028	1750	2018127	1869	296845	319	0.1075	0.0926	10875	157100	6.9223	0.0940
longphase_coh_indel_sv_gnn	10	7	v5bed	1791087	148797	1778699	1117	1926632	1201	280838	247	0.0880	0.0623				0.0628
longphase_coh_indel_sv_gnn	10	8	all	1867407	156991	1861926	1740	2018894	1837	296739	296	0.0998	0.0910	10752	156968	6.8498	0.0935
longphase_coh_indel_sv_gnn	10	8	v5bed	1791660	148842	1779331	1117	1927298	1187	281002	220	0.0783	0.0616				0.0628
longphase_coh_indel_sv_gnn	10	9	all	1864012	156840	1858559	1681	2015375	1796	296330	308	0.1039	0.0891	10573	156816	6.7423	0.0904
longphase_coh_indel_sv_gnn	10	9	v5bed	1788595	148727	1776211	1115	1924107	1193	280653	238	0.0848	0.0620				0.0628
longphase_coh_indel_sv_gnn	12	1	all	2025478	178383	2021123	1559	2199488	1635	336658	251	0.0746	0.0743	12761	178366	7.1544	0.0771
longphase_coh_indel_sv_gnn	12	1	v5bed	1941923	169011	1930093	925	2098126	969	318600	181	0.0568	0.0462				0.0479
longphase_coh_indel_sv_gnn	12	10	all	2023845	178626	2019534	1586	2198138	1690	337052	294	0.0872	0.0769	12017	178606	6.7282	0.0785
longphase_coh_indel_sv_gnn	12	10	v5bed	1941097	169175	1929290	956	2097542	1028	318871	216	0.0677	0.0490				0.0496
longphase_coh_indel_sv_gnn	12	2	all	2025220	178554	2020863	1490	2199397	1589	336926	268	0.0795	0.0722	11833	178535	6.6278	0.0737
longphase_coh_indel_sv_gnn	12	2	v5bed	1942094	169123	1930223	898	2098415	951	318811	183	0.0574	0.0453				0.0465
longphase_coh_indel_sv_gnn	12	3	all	2025276	178286	2020930	1496	2199202	1595	336341	289	0.0859	0.0725	12871	178274	7.2198	0.0740
longphase_coh_indel_sv_gnn	12	3	v5bed	1941171	168898	1929264	859	2097216	911	318209	205	0.0644	0.0434				0.0445
longphase_coh_indel_sv_gnn	12	4	all	2024195	178362	2019781	1527	2198126	1613	336582	261	0.0775	0.0734	11774	178346	6.6018	0.0756
longphase_coh_indel_sv_gnn	12	4	v5bed	1940171	168934	1928316	922	2096287	979	318409	189	0.0594	0.0467				0.0478
longphase_coh_indel_sv_gnn	12	5	all	2022256	178327	2017815	1406	2196120	1501	336432	251	0.0746	0.0683	13503	178305	7.5730	0.0697
longphase_coh_indel_sv_gnn	12	5	v5bed	1939964	168862	1928031	867	2095920	920	318217	180	0.0566	0.0439				0.0450
longphase_coh_indel_sv_gnn	12	6	all	2026897	178433	2022497	1550	2200912	1658	336738	299	0.0888	0.0753	13001	178415	7.2869	0.0766
longphase_coh_indel_sv_gnn	12	6	v5bed	1942104	168943	1930211	888	2098222	963	318455	220	0.0691	0.0459				0.0460
longphase_coh_indel_sv_gnn	12	7	all	2023863	178285	2019482	1570	2197755	1669	336406	289	0.0859	0.0759	12132	178274	6.8053	0.0777
longphase_coh_indel_sv_gnn	12	7	v5bed	1940694	168916	1928852	957	2096805	1013	318376	203	0.0638	0.0483				0.0496
longphase_coh_indel_sv_gnn	12	8	all	2022673	178016	2018282	1478	2196277	1563	335896	270	0.0804	0.0712	13065	177995	7.3401	0.0732
longphase_coh_indel_sv_gnn	12	8	v5bed	1938640	168630	1926769	900	2094480	949	317816	190	0.0598	0.0453				0.0467
longphase_coh_indel_sv_gnn	12	9	all	2026298	178917	2021948	1443	2200847	1548	337685	275	0.0814	0.0703	12037	178900	6.7283	0.0714
longphase_coh_indel_sv_gnn	12	9	v5bed	1941105	169361	1929238	897	2097707	965	319298	202	0.0633	0.0460				0.0465
longphase_coh_indel_sv_gnn	14	1	all	2104562	192283	2100739	1301	2293005	1407	362365	257	0.0709	0.0614	13761	192266	7.1573	0.0619
longphase_coh_indel_sv_gnn	14	1	v5bed	2016475	181980	2004823	747	2185807	804	342581	176	0.0514	0.0368				0.0373
longphase_coh_indel_sv_gnn	14	10	all	2106196	191601	2102340	1333	2293930	1433	361168	249	0.0689	0.0625	13066	191592	6.8197	0.0634
longphase_coh_indel_sv_gnn	14	10	v5bed	2017040	181328	2005408	755	2185715	808	341427	168	0.0492	0.0370				0.0376
longphase_coh_indel_sv_gnn	14	2	all	2107480	191978	2103659	1252	2295624	1336	361708	214	0.0592	0.0582	12455	191966	6.4881	0.0595
longphase_coh_indel_sv_gnn	14	2	v5bed	2019200	181660	2007579	696	2188242	740	341866	146	0.0427	0.0338				0.0347
longphase_coh_indel_sv_gnn	14	3	all	2107724	191803	2103876	1230	2295666	1325	361596	262	0.0725	0.0577	12392	191790	6.4612	0.0585
longphase_coh_indel_sv_gnn	14	3	v5bed	2018812	181534	2007196	664	2187718	727	341840	183	0.0535	0.0332				0.0331
longphase_coh_indel_sv_gnn	14	4	all	2106947	191848	2103171	1322	2295008	1406	361599	234	0.0647	0.0613	13450	191837	7.0112	0.0629
longphase_coh_indel_sv_gnn	14	4	v5bed	2017835	181514	2006258	738	2186799	783	341797	165	0.0483	0.0358				0.0368
longphase_coh_indel_sv_gnn	14	5	all	2105282	191878	2101544	1330	2293412	1424	361592	228	0.0631	0.0621	13521	191870	7.0470	0.0633
longphase_coh_indel_sv_gnn	14	5	v5bed	2017166	181663	2005623	744	2186318	793	342002	148	0.0433	0.0363				0.0371
longphase_coh_indel_sv_gnn	14	6	all	2105233	191416	2101412	1292	2292813	1373	360867	250	0.0693	0.0599	13176	191401	6.8840	0.0615
longphase_coh_indel_sv_gnn	14	6	v5bed	2016259	181239	2004693	708	2184902	760	341309	175	0.0513	0.0348				0.0353
longphase_coh_indel_sv_gnn	14	7	all	2106226	191707	2102426	1247	2294116	1331	361523	240	0.0664	0.0580	12499	191690	6.5204	0.0593
longphase_coh_indel_sv_gnn	14	7	v5bed	2017252	181489	2005635	695	2186135	740	341806	168	0.0492	0.0338				0.0347
longphase_coh_indel_sv_gnn	14	8	all	2105012	191558	2101255	1262	2292798	1372	361070	264	0.0731	0.0598	13200	191543	6.8914	0.0601
longphase_coh_indel_sv_gnn	14	8	v5bed	2016226	181245	2004677	712	2184929	770	341227	168	0.0492	0.0352				0.0355
longphase_coh_indel_sv_gnn	14	9	all	2105848	191916	2102058	1293	2293958	1372	361859	238	0.0658	0.0598	12127	191900	6.3194	0.0615
longphase_coh_indel_sv_gnn	14	9	v5bed	2017872	181658	2006313	731	2186955	768	342091	159	0.0465	0.0351				0.0364
longphase_coh_indel_sv_gnn	16	1	all	2148333	200807	2144935	1134	2345733	1226	378042	232	0.0614	0.0523	12908	200798	6.4284	0.0529
longphase_coh_indel_sv_gnn	16	1	v5bed	2056149	189962	2044803	564	2233744	609	357175	150	0.0420	0.0273				0.0276
longphase_coh_indel_sv_gnn	16	10	all	2147236	200616	2143806	1238	2344413	1325	377722	240	0.0635	0.0565	12567	200607	6.2645	0.0577
longphase_coh_indel_sv_gnn	16	10	v5bed	2056586	189981	2045217	600	2234174	651	357303	152	0.0425	0.0291				0.0293
longphase_coh_indel_sv_gnn	16	2	all	2146924	200523	2143535	1182	2344048	1266	377685	233	0.0617	0.0540	12925	200513	6.4460	0.0551
longphase_coh_indel_sv_gnn	16	2	v5bed	2055652	189810	2044312	592	2233064	638	357067	145	0.0406	0.0286				0.0290
longphase_coh_indel_sv_gnn	16	3	all	2146292	200525	2142890	1131	2343406	1207	377641	215	0.0569	0.0515	12926	200517	6.4463	0.0528
longphase_coh_indel_sv_gnn	16	3	v5bed	2055362	189816	2044020	566	2232757	604	357012	140	0.0392	0.0271				0.0277
longphase_coh_indel_sv_gnn	16	4	all	2146190	200706	2142838	1185	2343532	1259	378031	213	0.0563	0.0537	12253	200694	6.1053	0.0553
longphase_coh_indel_sv_gnn	16	4	v5bed	2055378	189957	2044072	582	2232997	619	357281	137	0.0383	0.0277				0.0285
longphase_coh_indel_sv_gnn	16	5	all	2147968	200915	2144552	1154	2345456	1247	378320	217	0.0574	0.0532	11288	200904	5.6186	0.0538
longphase_coh_indel_sv_gnn	16	5	v5bed	2057221	190163	2045845	579	2234989	624	357659	134	0.0375	0.0279				0.0283
longphase_coh_indel_sv_gnn	16	6	all	2146874	200806	2143485	1221	2344285	1311	378170	240	0.0635	0.0559	12592	200800	6.2709	0.0570
longphase_coh_indel_sv_gnn	16	6	v5bed	2055643	190141	2044265	617	2233368	657	357650	147	0.0411	0.0294				0.0302
longphase_coh_indel_sv_gnn	16	7	all	2147528	200629	2144110	1178	2344732	1264	377864	227	0.0601	0.0539	13615	200622	6.7864	0.0549
longphase_coh_indel_sv_gnn	16	7	v5bed	2055964	189805	2044566	592	2233365	632	357019	136	0.0381	0.0283				0.0290
longphase_coh_indel_sv_gnn	16	8	all	2146190	200826	2142711	1184	2343524	1237	377890	204	0.0540	0.0528	12206	200813	6.0783	0.0553
longphase_coh_indel_sv_gnn	16	8	v5bed	2055202	190133	2043774	601	2232832	618	357312	125	0.0350	0.0277				0.0294
longphase_coh_indel_sv_gnn	16	9	all	2148199	200838	2144816	1124	2345635	1217	378300	238	0.0629	0.0519	13205	200821	6.5755	0.0524
longphase_coh_indel_sv_gnn	16	9	v5bed	2057496	190105	2046145	586	2235221	649	357676	162	0.0453	0.0290				0.0286
longphase_coh_indel_sv_gnn	18	1	all	2168226	207065	2165038	1117	2372097	1212	389657	218	0.0559	0.0511	11307	207061	5.4607	0.0516
longphase_coh_indel_sv_gnn	18	1	v5bed	2075812	195988	2064574	531	2259483	567	368320	121	0.0329	0.0251				0.0257
longphase_coh_indel_sv_gnn	18	10	all	2169799	207387	2166682	1131	2374063	1213	390167	210	0.0538	0.0511	12483	207381	6.0194	0.0522
longphase_coh_indel_sv_gnn	18	10	v5bed	2076857	196266	2065708	524	2260884	564	368760	122	0.0331	0.0249				0.0254
longphase_coh_indel_sv_gnn	18	2	all	2170719	207163	2167580	1104	2374732	1190	389740	230	0.0590	0.0501	13167	207152	6.3562	0.0509
longphase_coh_indel_sv_gnn	18	2	v5bed	2076970	195999	2065791	514	2260707	558	368297	150	0.0407	0.0247				0.0249
longphase_coh_indel_sv_gnn	18	3	all	2168829	207234	2165719	1115	2372944	1193	390016	203	0.0520	0.0503	11691	207225	5.6417	0.0515
longphase_coh_indel_sv_gnn	18	3	v5bed	2076041	196058	2064905	516	2259892	554	368519	119	0.0323	0.0245				0.0250
longphase_coh_indel_sv_gnn	18	4	all	2170427	207320	2167256	1092	2374564	1170	390059	201	0.0515	0.0493	11877	207309	5.7291	0.0504
longphase_coh_indel_sv_gnn	18	4	v5bed	2077963	196180	2066709	487	2261822	529	368640	123	0.0334	0.0234				0.0236
longphase_coh_indel_sv_gnn	18	5	all	2169148	207248	2165974	1075	2373207	1162	389883	235	0.0603	0.0490	12643	207233	6.1009	0.0496
longphase_coh_indel_sv_gnn	18	5	v5bed	2075980	196060	2064735	492	2259712	530	368372	146	0.0396	0.0235				0.0238
longphase_coh_indel_sv_gnn	18	6	all	2169461	207220	2166296	1045	2373503	1119	389859	202	0.0518	0.0471	10521	207207	5.0775	0.0482
longphase_coh_indel_sv_gnn	18	6	v5bed	2076541	196129	2065305	454	2260362	489	368526	117	0.0317	0.0216				0.0220
longphase_coh_indel_sv_gnn	18	7	all	2170393	207181	2167301	1082	2374468	1152	389773	199	0.0511	0.0485	13164	207167	6.3543	0.0499
longphase_coh_indel_sv_gnn	18	7	v5bed	2076800	196054	2065627	508	2260622	537	368344	113	0.0307	0.0238				0.0246
longphase_coh_indel_sv_gnn	18	8	all	2169127	207326	2165986	1081	2373304	1145	389985	217	0.0556	0.0482	12270	207319	5.9184	0.0499
longphase_coh_indel_sv_gnn	18	8	v5bed	2076666	196128	2065492	532	2260553	564	368514	142	0.0385	0.0249				0.0258
longphase_coh_indel_sv_gnn	18	9	all	2168923	207430	2165800	1069	2373218	1140	390239	197	0.0505	0.0480	12447	207418	6.0009	0.0494
longphase_coh_indel_sv_gnn	18	9	v5bed	2076458	196294	2065283	490	2260487	528	368863	128	0.0347	0.0234				0.0237
longphase_coh_indel_sv_gnn	20	1	all	2180316	211779	2177346	1078	2389121	1147	398189	201	0.0505	0.0480	12962	211776	6.1206	0.0495
longphase_coh_indel_sv_gnn	20	1	v5bed	2086527	200374	2075465	449	2274765	474	376261	114	0.0303	0.0208				0.0216
longphase_coh_indel_sv_gnn	20	10	all	2179314	212001	2176390	987	2388380	1070	398648	207	0.0519	0.0448	12761	211990	6.0196	0.0454
longphase_coh_indel_sv_gnn	20	10	v5bed	2085845	200657	2074823	460	2274369	496	376823	118	0.0313	0.0218				0.0222
longphase_coh_indel_sv_gnn	20	2	all	2180866	211618	2177894	1022	2389500	1103	397872	194	0.0488	0.0462	14687	211607	6.9407	0.0469
longphase_coh_indel_sv_gnn	20	2	v5bed	2087121	200324	2076057	445	2275296	487	376175	119	0.0316	0.0214				0.0214
longphase_coh_indel_sv_gnn	20	3	all	2180314	211801	2177420	986	2389214	1067	398222	202	0.0507	0.0447	12399	211794	5.8543	0.0453
longphase_coh_indel_sv_gnn	20	3	v5bed	2087180	200419	2076187	461	2275509	495	376361	122	0.0324	0.0218				0.0222
longphase_coh_indel_sv_gnn	20	4	all	2180652	212136	2177700	973	2389822	1039	398771	190	0.0476	0.0435	12135	212123	5.7207	0.0447
longphase_coh_indel_sv_gnn	20	4	v5bed	2086798	200743	2075750	420	2275369	446	376908	115	0.0305	0.0196				0.0202
longphase_coh_indel_sv_gnn	20	5	all	2180010	211763	2177056	1008	2388811	1085	398143	198	0.0497	0.0454	12022	211756	5.6773	0.0463
longphase_coh_indel_sv_gnn	20	5	v5bed	2087032	200492	2075957	448	2275337	489	376445	125	0.0332	0.0215				0.0216
longphase_coh_indel_sv_gnn	20	6	all	2179852	212078	2176860	953	2388930	1026	398695	218	0.0547	0.0429	14024	212070	6.6129	0.0438
longphase_coh_indel_sv_gnn	20	6	v5bed	2086408	200638	2075328	431	2274872	450	376789	112	0.0297	0.0198				0.0208
longphase_coh_indel_sv_gnn	20	7	all	2180758	211985	2177842	1010	2389819	1088	398530	227	0.0570	0.0455	11259	211977	5.3114	0.0464
longphase_coh_indel_sv_gnn	20	7	v5bed	2087553	200489	2076535	453	2275931	486	376485	127	0.0337	0.0214				0.0218
longphase_coh_indel_sv_gnn	20	8	all	2180132	211896	2177221	996	2389110	1069	398344	202	0.0507	0.0447	12162	211889	5.7398	0.0457
longphase_coh_indel_sv_gnn	20	8	v5bed	2086968	200477	2075943	426	2275342	448	376431	105	0.0279	0.0197				0.0205
longphase_coh_indel_sv_gnn	20	9	all	2179444	211892	2176456	997	2388339	1070	398395	211	0.0530	0.0448	12547	211885	5.9216	0.0458
longphase_coh_indel_sv_gnn	20	9	v5bed	2085864	200499	2074830	467	2274238	500	376524	138	0.0367	0.0220				0.0225
longphase_coh_indel_sv_gnn	30	1	all	2193958	224068	2191614	838	2415678	922	420512	185	0.0440	0.0382	11619	224064	5.1856	0.0382
longphase_coh_indel_sv_gnn	30	1	v5bed	2101008	212172	2090485	263	2301477	292	397667	91	0.0229	0.0127				0.0126
longphase_coh_indel_sv_gnn	40	1	all	2194953	229286	2192931	739	2422214	825	429849	182	0.0423	0.0341	10034	229283	4.3763	0.0337
longphase_coh_indel_sv_gnn	40	1	v5bed	2103445	217200	2093205	219	2309208	253	406622	95	0.0234	0.0110				0.0105
longphase_coh_indel_sv_gnn	50	1	all	2192667	232498	2190873	673	2423369	734	435674	142	0.0326	0.0303	7980	232496	3.4323	0.0307
longphase_coh_indel_sv_gnn	50	1	v5bed	2102587	220471	2092603	179	2311857	206	412528	69	0.0167	0.0089				0.0086
longphase_coh_indel_sv_gnn	60	1	all	2190396	234216	2188793	592	2423007	657	438685	139	0.0317	0.0271	8225	234214	3.5117	0.0270
longphase_coh_indel_sv_gnn	60	1	v5bed	2100752	222098	2090956	161	2311831	182	415347	61	0.0147	0.0079				0.0077
longphase_cophasing	10	1	all	1874424	159308	1870356	2920	2029655	3042	301028	472	0.1568	0.1499	17014	159299	10.6805	0.1561
longphase_cophasing	10	1	v5bed	1796202	150798	1784971	1866	1934913	1942	284649	364	0.1279	0.1004				0.1045
longphase_cophasing	10	10	all	1874127	159112	1870030	2983	2029127	3142	300564	535	0.1780	0.1548	18461	159097	11.6036	0.1595
longphase_cophasing	10	10	v5bed	1794606	150534	1783320	1897	1932979	1994	284039	391	0.1377	0.1032				0.1064
longphase_cophasing	10	2	all	1874465	158937	1870361	2897	2029288	3012	300266	472	0.1572	0.1484	17169	158927	10.8031	0.1549
longphase_cophasing	10	2	v5bed	1796427	150600	1785128	1892	1934863	1956	284168	362	0.1274	0.1011				0.1060
longphase_cophasing	10	3	all	1875622	159447	1871606	2901	2031044	3062	301308	550	0.1825	0.1508	18280	159439	11.4652	0.1550
longphase_cophasing	10	3	v5bed	1797270	150960	1786078	1908	1936136	2009	284947	418	0.1467	0.1038				0.1068
longphase_cophasing	10	4	all	1872131	158882	1868071	2865	2026942	2997	300145	497	0.1656	0.1479	16919	158872	10.6495	0.1534
longphase_cophasing	10	4	v5bed	1794025	150531	1782778	1834	1932426	1916	283985	377	0.1328	0.0991				0.1029
longphase_cophasing	10	5	all	1870800	158799	1866637	2871	2025425	2984	300064	448	0.1493	0.1473	16572	158789	10.4365	0.1538
longphase_cophasing	10	5	v5bed	1791698	150329	1780316	1831	1929767	1896	283670	333	0.1174	0.0983				0.1028
longphase_cophasing	10	6	all	1874144	159323	1870031	2870	2029340	3015	301025	477	0.1585	0.1486	18431	159310	11.5693	0.1535
longphase_cophasing	10	6	v5bed	1794752	150817	1783396	1875	1933320	1973	284596	373	0.1311	0.1021				0.1051
longphase_cophasing	10	7	all	1875292	158999	1871113	2956	2030102	3105	300423	482	0.1604	0.1529	17170	158990	10.7994	0.1580
longphase_cophasing	10	7	v5bed	1797586	150472	1786305	1859	1935892	1962	284001	371	0.1306	0.1013				0.1041
longphase_cophasing	10	8	all	1876128	158953	1872072	2902	2031015	3045	300453	491	0.1634	0.1499	17123	158943	10.7730	0.1550
longphase_cophasing	10	8	v5bed	1798329	150601	1787136	1864	1936837	1960	284300	371	0.1305	0.1012				0.1043
longphase_cophasing	10	9	all	1872541	158772	1868505	2808	2027267	2971	300001	506	0.1687	0.1466	17498	158762	11.0215	0.1503
longphase_cophasing	10	9	v5bed	1795109	150467	1783854	1874	1933456	1983	283920	399	0.1405	0.1026				0.1051
longphase_cophasing	12	1	all	2033527	180250	2030515	2566	2210761	2666	340235	425	0.1249	0.1206	21793	180247	12.0906	0.1264
longphase_cophasing	12	1	v5bed	1947737	170667	1936978	1536	2106641	1592	321711	317	0.0985	0.0756				0.0793
longphase_cophasing	12	10	all	2032262	180480	2029248	2679	2209721	2809	340593	446	0.1309	0.1271	22350	180474	12.3841	0.1320
longphase_cophasing	12	10	v5bed	1947159	170802	1936307	1592	2106163	1677	321933	339	0.1053	0.0796				0.0822
longphase_cophasing	12	2	all	2033214	180368	2030193	2528	2210554	2654	340433	449	0.1319	0.1201	21953	180361	12.1717	0.1245
longphase_cophasing	12	2	v5bed	1947894	170743	1937055	1534	2106836	1593	321907	321	0.0997	0.0756				0.0792
longphase_cophasing	12	3	all	2032898	180121	2029925	2494	2210039	2638	339853	456	0.1342	0.1194	22736	180114	12.6231	0.1229
longphase_cophasing	12	3	v5bed	1946679	170498	1935838	1445	2105356	1521	321239	325	0.1012	0.0722				0.0746
longphase_cophasing	12	4	all	2032229	180268	2029176	2553	2209438	2675	340247	432	0.1270	0.1211	21632	180263	12.0002	0.1258
longphase_cophasing	12	4	v5bed	1945938	170608	1935107	1542	2104725	1605	321591	311	0.0967	0.0763				0.0797
longphase_cophasing	12	5	all	2030693	180260	2027675	2565	2207927	2696	340130	427	0.1255	0.1221	23361	180252	12.9602	0.1265
longphase_cophasing	12	5	v5bed	1946035	170575	1935218	1552	2104781	1618	321463	310	0.0964	0.0769				0.0802
longphase_cophasing	12	6	all	2034770	180254	2031673	2521	2211917	2651	340186	468	0.1376	0.1199	21718	180244	12.0492	0.1241
longphase_cophasing	12	6	v5bed	1947792	170545	1936929	1460	2106512	1539	321441	334	0.1039	0.0731				0.0754
longphase_cophasing	12	7	all	2031895	180176	2028865	2570	2209034	2705	340025	458	0.1347	0.1225	21837	180169	12.1203	0.1267
longphase_cophasing	12	7	v5bed	1946427	170583	1935625	1565	2105206	1628	321521	324	0.1008	0.0773				0.0809
longphase_cophasing	12	8	all	2030708	179854	2027658	2558	2207506	2673	339389	448	0.1320	0.1211	21707	179848	12.0696	0.1262
longphase_cophasing	12	8	v5bed	1944365	170260	1933522	1563	2102839	1614	320871	321	0.1000	0.0768				0.0808
longphase_cophasing	12	9	all	2034246	180694	2031238	2429	2211923	2579	341037	450	0.1320	0.1166	20240	180685	11.2018	0.1196
longphase_cophasing	12	9	v5bed	1946774	170953	1935929	1492	2105962	1584	322257	334	0.1036	0.0752				0.0771
longphase_cophasing	14	1	all	2111194	193930	2108647	2199	2302574	2336	365543	420	0.1149	0.1015	22780	193927	11.7467	0.1043
longphase_cophasing	14	1	v5bed	2020989	183414	2010331	1264	2192725	1336	345321	300	0.0869	0.0609				0.0629
longphase_cophasing	14	10	all	2112685	193200	2110083	2164	2303279	2275	364214	382	0.1049	0.0988	21186	193197	10.9660	0.1026
longphase_cophasing	14	10	v5bed	2021554	182744	2010910	1233	2192596	1290	344084	279	0.0811	0.0588				0.0613
longphase_cophasing	14	2	all	2114377	193597	2111790	2222	2305381	2325	364849	336	0.0921	0.1009	22575	193591	11.6612	0.1052
longphase_cophasing	14	2	v5bed	2023753	183080	2013072	1199	2195123	1247	344588	225	0.0653	0.0568				0.0596
longphase_cophasing	14	3	all	2114397	193358	2111861	2200	2305212	2327	364602	415	0.1138	0.1009	22418	193351	11.5945	0.1042
longphase_cophasing	14	3	v5bed	2023272	182879	2012656	1191	2194500	1271	344422	297	0.0862	0.0579				0.0592
longphase_cophasing	14	4	all	2114053	193533	2111559	2244	2305088	2344	364848	366	0.1003	0.1017	25021	193529	12.9288	0.1063
longphase_cophasing	14	4	v5bed	2022719	182993	2012139	1257	2194121	1300	344591	258	0.0749	0.0592				0.0625
longphase_cophasing	14	5	all	2112107	193527	2109676	2273	2303198	2381	364744	372	0.1020	0.1034	26193	193522	13.5349	0.1077
longphase_cophasing	14	5	v5bed	2021842	183110	2011317	1274	2193413	1318	344726	252	0.0731	0.0601				0.0633
longphase_cophasing	14	6	all	2112180	193103	2109636	2194	2302731	2290	364079	356	0.0978	0.0994	23403	193095	12.1199	0.1040
longphase_cophasing	14	6	v5bed	2021059	182737	2010464	1202	2192140	1259	344119	256	0.0744	0.0574				0.0598
longphase_cophasing	14	7	all	2113068	193407	2110523	2157	2303922	2267	364784	399	0.1094	0.0984	23410	193400	12.1044	0.1022
longphase_cophasing	14	7	v5bed	2022001	182974	2011355	1223	2193309	1274	344618	288	0.0836	0.0581				0.0608
longphase_cophasing	14	8	all	2112114	193220	2109565	2224	2302780	2350	364245	398	0.1093	0.1021	22005	193215	11.3889	0.1054
longphase_cophasing	14	8	v5bed	2020935	182700	2010297	1145	2191976	1209	343996	269	0.0782	0.0552				0.0570
longphase_cophasing	14	9	all	2112730	193555	2110184	2115	2303733	2224	364998	382	0.1047	0.0965	21607	193549	11.1636	0.1002
longphase_cophasing	14	9	v5bed	2022502	183065	2011891	1183	2193908	1226	344761	262	0.0760	0.0559				0.0588
longphase_cophasing	16	1	all	2154260	202330	2151932	1846	2354258	1950	380918	353	0.0927	0.0828	23099	202326	11.4167	0.0858
longphase_cophasing	16	1	v5bed	2059964	191286	2049419	919	2239651	969	359655	242	0.0673	0.0433				0.0448
longphase_cophasing	16	10	all	2153045	202078	2150751	1999	2352824	2097	380541	334	0.0878	0.0891	22208	202073	10.9901	0.0929
longphase_cophasing	16	10	v5bed	2060282	191242	2049772	978	2239960	1029	359700	221	0.0614	0.0459				0.0477
longphase_cophasing	16	2	all	2152722	202036	2150456	1874	2352490	1979	380572	354	0.0930	0.0841	22206	202034	10.9912	0.0871
longphase_cophasing	16	2	v5bed	2059327	191111	2048845	928	2238882	987	359538	239	0.0665	0.0441				0.0453
longphase_cophasing	16	3	all	2152110	202063	2149813	1865	2351870	1963	380585	333	0.0875	0.0835	23641	202057	11.7002	0.0868
longphase_cophasing	16	3	v5bed	2059195	191165	2048686	932	2238741	974	359575	215	0.0598	0.0435				0.0455
longphase_cophasing	16	4	all	2151970	202188	2149708	2006	2351892	2107	380853	351	0.0922	0.0896	22920	202184	11.3362	0.0933
longphase_cophasing	16	4	v5bed	2059094	191241	2048599	987	2238784	1038	359713	247	0.0687	0.0464				0.0482
longphase_cophasing	16	5	all	2154185	202495	2151940	1994	2354431	2108	381313	350	0.0918	0.0895	22333	202491	11.0291	0.0927
longphase_cophasing	16	5	v5bed	2061214	191550	2050723	997	2241236	1050	360256	236	0.0655	0.0468				0.0486
longphase_cophasing	16	6	all	2152753	202264	2150464	1989	2352726	2089	380954	347	0.0911	0.0888	22450	202262	11.0995	0.0925
longphase_cophasing	16	6	v5bed	2059444	191403	2048916	1016	2239251	1057	360017	222	0.0617	0.0472				0.0496
longphase_cophasing	16	7	all	2153591	202172	2151305	1957	2353476	2065	380800	347	0.0911	0.0877	23593	202171	11.6698	0.0910
longphase_cophasing	16	7	v5bed	2059827	191127	2049300	951	2239389	994	359505	210	0.0584	0.0444				0.0464
longphase_cophasing	16	8	all	2152265	202359	2149953	1977	2352307	2057	380832	307	0.0806	0.0874	24551	202354	12.1327	0.0920
longphase_cophasing	16	8	v5bed	2059108	191466	2048582	983	2238957	1010	359830	197	0.0547	0.0451				0.0480
longphase_cophasing	16	9	all	2154088	202328	2151835	1952	2354157	2057	381128	360	0.0945	0.0874	23627	202322	11.6779	0.0907
longphase_cophasing	16	9	v5bed	2061238	191412	2050745	992	2241107	1061	360128	262	0.0728	0.0473				0.0484
longphase_cophasing	18	1	all	2173232	208450	2171053	1764	2379500	1873	392267	320	0.0816	0.0787	22003	208449	10.5556	0.0813
longphase_cophasing	18	1	v5bed	2078720	197178	2068241	821	2264312	865	370519	199	0.0537	0.0382				0.0397
longphase_cophasing	18	10	all	2174700	208667	2172563	1793	2381225	1886	392588	299	0.0762	0.0792	22784	208662	10.9191	0.0825
longphase_cophasing	18	10	v5bed	2079679	197365	2069259	806	2265518	849	370822	185	0.0499	0.0375				0.0390
longphase_cophasing	18	2	all	2175610	208328	2173449	1801	2381771	1906	391966	332	0.0847	0.0800	22387	208322	10.7463	0.0829
longphase_cophasing	18	2	v5bed	2079729	196985	2069300	805	2265178	857	370158	214	0.0578	0.0378				0.0389
longphase_cophasing	18	3	all	2173989	208637	2171891	1827	2380527	1927	392664	321	0.0817	0.0809	21230	208636	10.1756	0.0841
longphase_cophasing	18	3	v5bed	2079150	197261	2068794	841	2264953	887	370763	205	0.0553	0.0392				0.0407
longphase_cophasing	18	4	all	2175074	208706	2172919	1758	2381622	1857	392685	323	0.0823	0.0780	23300	208703	11.1642	0.0809
longphase_cophasing	18	4	v5bed	2080717	197386	2070235	822	2266527	873	370898	214	0.0577	0.0385				0.0397
longphase_cophasing	18	5	all	2174321	208544	2172175	1706	2380715	1812	392380	315	0.0803	0.0761	21442	208540	10.2820	0.0785
longphase_cophasing	18	5	v5bed	2079135	197188	2068677	747	2264759	797	370531	206	0.0556	0.0352				0.0361
longphase_cophasing	18	6	all	2174562	208551	2172411	1799	2380958	1889	392411	289	0.0736	0.0793	22572	208547	10.8235	0.0828
longphase_cophasing	18	6	v5bed	2079661	197259	2069196	782	2265354	815	370681	174	0.0469	0.0360				0.0378
longphase_cophasing	18	7	all	2175421	208503	2173272	1792	2381766	1883	392308	304	0.0775	0.0791	20175	208494	9.6765	0.0825
longphase_cophasing	18	7	v5bed	2079726	197149	2069238	809	2265301	850	370420	198	0.0535	0.0375				0.0391
longphase_cophasing	18	8	all	2174328	208689	2172212	1781	2380895	1873	392577	322	0.0820	0.0787	21833	208684	10.4622	0.0820
longphase_cophasing	18	8	v5bed	2079779	197306	2069366	830	2265564	870	370715	215	0.0580	0.0384				0.0401
longphase_cophasing	18	9	all	2173759	208680	2171597	1768	2380271	1858	392641	314	0.0800	0.0781	21732	208674	10.4143	0.0814
longphase_cophasing	18	9	v5bed	2079242	197380	2068796	789	2265061	824	370915	201	0.0542	0.0364				0.0381
longphase_cophasing	20	1	all	2184735	212995	2182700	1685	2395694	1758	400477	270	0.0674	0.0734	23159	212995	10.8730	0.0772
longphase_cophasing	20	1	v5bed	2089081	201416	2078722	688	2279026	715	378187	164	0.0434	0.0314				0.0331
longphase_cophasing	20	10	all	2183778	213150	2181768	1579	2394917	1682	400847	300	0.0748	0.0702	22114	213149	10.3749	0.0724
longphase_cophasing	20	10	v5bed	2088294	201652	2077953	705	2278470	747	378691	182	0.0481	0.0328				0.0339
longphase_cophasing	20	2	all	2185433	212800	2183364	1627	2396159	1715	400131	282	0.0705	0.0716	21130	212795	9.9297	0.0745
longphase_cophasing	20	2	v5bed	2089670	201319	2079283	705	2279488	747	378064	182	0.0481	0.0328				0.0339
longphase_cophasing	20	3	all	2184715	213007	2182734	1590	2395737	1688	400516	293	0.0732	0.0705	21104	213003	9.9078	0.0728
longphase_cophasing	20	3	v5bed	2089628	201424	2079304	721	2279615	764	378261	183	0.0484	0.0335				0.0347
longphase_cophasing	20	4	all	2184797	213332	2182769	1549	2396097	1633	401032	293	0.0731	0.0682	20387	213329	9.5566	0.0710
longphase_cophasing	20	4	v5bed	2089088	201740	2078750	657	2279347	682	378789	178	0.0470	0.0299				0.0316
longphase_cophasing	20	5	all	2184424	213015	2182361	1604	2395376	1701	400530	279	0.0697	0.0710	19435	213015	9.1238	0.0735
longphase_cophasing	20	5	v5bed	2089445	201541	2079037	682	2279435	724	378426	173	0.0457	0.0318				0.0328
longphase_cophasing	20	6	all	2184284	213343	2182262	1632	2395601	1714	401087	306	0.0763	0.0715	22724	213340	10.6515	0.0748
longphase_cophasing	20	6	v5bed	2088767	201723	2078417	712	2279027	737	378791	176	0.0465	0.0323				0.0343
longphase_cophasing	20	7	all	2185295	213160	2183299	1647	2396457	1740	400786	311	0.0776	0.0726	19952	213158	9.3602	0.0754
longphase_cophasing	20	7	v5bed	2090039	201507	2079709	702	2280105	732	378408	184	0.0486	0.0321				0.0338
longphase_cophasing	20	8	all	2184381	213078	2182364	1518	2395436	1604	400565	286	0.0714	0.0670	20495	213072	9.6188	0.0696
longphase_cophasing	20	8	v5bed	2089241	201479	2078875	623	2279247	649	378290	161	0.0426	0.0285				0.0300
longphase_cophasing	20	9	all	2184219	213084	2182193	1664	2395273	1752	400710	311	0.0776	0.0731	19757	213081	9.2721	0.0763
longphase_cophasing	20	9	v5bed	2088502	201510	2078162	739	2278557	777	378462	204	0.0539	0.0341				0.0356
longphase_cophasing	30	1	all	2196860	224921	2195187	1316	2420105	1408	422145	231	0.0547	0.0582	18975	224918	8.4364	0.0599
longphase_cophasing	30	1	v5bed	2102197	212894	2092164	417	2303865	446	399025	117	0.0293	0.0194				0.0199
longphase_cophasing	40	1	all	2197580	230134	2196182	1155	2426315	1249	431475	232	0.0538	0.0515	18192	230133	7.9050	0.0526
longphase_cophasing	40	1	v5bed	2104367	217893	2094578	349	2311255	382	407929	128	0.0314	0.0165				0.0167
longphase_cophasing	50	1	all	2195328	233267	2194083	1100	2427350	1165	437175	187	0.0428	0.0480	16667	233267	7.1450	0.0501
longphase_cophasing	50	1	v5bed	2103623	221089	2094025	315	2313876	343	413708	97	0.0234	0.0148				0.0150
longphase_cophasing	60	1	all	2192861	234944	2191746	932	2426690	1001	440096	182	0.0414	0.0412	17209	234944	7.3247	0.0425
longphase_cophasing	60	1	v5bed	2101866	222691	2092409	270	2313857	295	416473	91	0.0219	0.0127				0.0129
longphase_cophasing_gnn	10	1	all	1866645	157728	1861332	1694	2019038	1795	297999	288	0.0966	0.0889	10353	157706	6.5647	0.0910
longphase_cophasing_gnn	10	1	v5bed	1790474	149384	1778273	1084	1926817	1148	281970	217	0.0770	0.0596				0.0610
longphase_cophasing_gnn	10	10	all	1866124	157427	1860814	1776	2018213	1881	297352	330	0.1110	0.0932	11562	157400	7.3456	0.0954
longphase_cophasing_gnn	10	10	v5bed	1788778	149044	1776562	1156	1924756	1222	281234	235	0.0836	0.0635				0.0651
longphase_cophasing_gnn	10	2	all	1866540	157383	1861285	1765	2018654	1855	297278	286	0.0962	0.0919	11649	157369	7.4023	0.0948
longphase_cophasing_gnn	10	2	v5bed	1790507	149223	1778332	1168	1926718	1229	281554	221	0.0785	0.0638				0.0657
longphase_cophasing_gnn	10	3	all	1867473	157770	1862221	1714	2019971	1838	298086	354	0.1188	0.0910	11699	157752	7.4161	0.0920
longphase_cophasing_gnn	10	3	v5bed	1791221	149490	1779066	1138	1927672	1229	282148	267	0.0946	0.0638				0.0640
longphase_cophasing_gnn	10	4	all	1864391	157283	1859128	1712	2016393	1815	297115	314	0.1057	0.0900	10287	157267	6.5411	0.0921
longphase_cophasing_gnn	10	4	v5bed	1788454	149135	1776273	1123	1924549	1193	281373	243	0.0864	0.0620				0.0632
longphase_cophasing_gnn	10	5	all	1862698	157037	1857342	1717	2014361	1804	296722	293	0.0987	0.0896	9827	157021	6.2584	0.0924
longphase_cophasing_gnn	10	5	v5bed	1785624	148743	1773307	1118	1921200	1172	280704	219	0.0780	0.0610				0.0630
longphase_cophasing_gnn	10	6	all	1866391	157679	1861173	1726	2018831	1841	297880	298	0.1000	0.0912	11612	157658	7.3653	0.0927
longphase_cophasing_gnn	10	6	v5bed	1789074	149357	1776857	1184	1925352	1271	281829	232	0.0823	0.0660				0.0666
longphase_cophasing_gnn	10	7	all	1867267	157384	1861912	1759	2019268	1879	297339	313	0.1053	0.0931	11448	157357	7.2752	0.0945
longphase_cophasing_gnn	10	7	v5bed	1791706	149026	1779505	1126	1927656	1209	281271	240	0.0853	0.0627				0.0633
longphase_cophasing_gnn	10	8	all	1868001	157287	1862691	1712	2019957	1815	297262	309	0.1039	0.0899	10714	157266	6.8127	0.0919
longphase_cophasing_gnn	10	8	v5bed	1792195	149120	1780003	1101	1928238	1179	281489	234	0.0831	0.0611				0.0619
longphase_cophasing_gnn	10	9	all	1864677	157103	1859381	1687	2016456	1810	296788	323	0.1088	0.0898	10658	157077	6.7852	0.0907
longphase_cophasing_gnn	10	9	v5bed	1789190	148950	1776946	1124	1925051	1206	281042	248	0.0882	0.0626				0.0633
longphase_cophasing_gnn	12	1	all	2026745	178760	2022659	1579	2201403	1658	337359	267	0.0791	0.0753	13615	178744	7.6170	0.0781
longphase_cophasing_gnn	12	1	v5bed	1942957	169357	1931352	952	2099728	997	319213	195	0.0611	0.0475				0.0493
longphase_cophasing_gnn	12	10	all	2025175	178966	2021073	1588	2200021	1692	337687	307	0.0909	0.0769	13369	178950	7.4708	0.0786
longphase_cophasing_gnn	12	10	v5bed	1942266	169484	1930600	959	2099158	1032	319437	224	0.0701	0.0492				0.0497
longphase_cophasing_gnn	12	2	all	2026316	178902	2022194	1496	2201074	1597	337585	275	0.0815	0.0726	12571	178883	7.0275	0.0740
longphase_cophasing_gnn	12	2	v5bed	1943034	169431	1931358	914	2099840	961	319387	182	0.0570	0.0458				0.0473
longphase_cophasing_gnn	12	3	all	2026197	178653	2022141	1500	2200778	1602	337034	286	0.0849	0.0728	13330	178637	7.4621	0.0742
longphase_cophasing_gnn	12	3	v5bed	1941944	169217	1930278	863	2098538	919	318810	203	0.0637	0.0438				0.0447
longphase_cophasing_gnn	12	4	all	2025396	178706	2021256	1530	2199947	1624	337231	271	0.0804	0.0738	12722	178693	7.1195	0.0757
longphase_cophasing_gnn	12	4	v5bed	1941167	169229	1929519	936	2097782	993	318966	194	0.0608	0.0473				0.0485
longphase_cophasing_gnn	12	5	all	2023083	178647	2018914	1422	2197535	1514	337044	271	0.0804	0.0689	14659	178623	8.2067	0.0704
longphase_cophasing_gnn	12	5	v5bed	1940665	169136	1928947	886	2097090	934	318743	197	0.0618	0.0445				0.0459
longphase_cophasing_gnn	12	6	all	2028132	178734	2024005	1552	2202717	1655	337295	299	0.0886	0.0751	13703	178712	7.6676	0.0767
longphase_cophasing_gnn	12	6	v5bed	1943210	169227	1931538	888	2099819	959	318967	216	0.0677	0.0457				0.0460
longphase_cophasing_gnn	12	7	all	2024923	178629	2020799	1577	2199410	1680	337040	289	0.0857	0.0764	12710	178611	7.1160	0.0780
longphase_cophasing_gnn	12	7	v5bed	1941659	169229	1930019	962	2098275	1021	318954	208	0.0652	0.0487				0.0498
longphase_cophasing_gnn	12	8	all	2023625	178363	2019476	1482	2197820	1563	336559	271	0.0805	0.0711	13796	178345	7.7356	0.0734
longphase_cophasing_gnn	12	8	v5bed	1939468	168951	1927791	914	2095812	954	318424	186	0.0584	0.0455				0.0474
longphase_cophasing_gnn	12	9	all	2027339	179242	2023234	1452	2202456	1566	338263	295	0.0872	0.0711	12300	179223	6.8630	0.0718
longphase_cophasing_gnn	12	9	v5bed	1941996	169654	1930332	903	2099078	972	319812	213	0.0666	0.0463				0.0468
longphase_cophasing_gnn	14	1	all	2105372	192652	2101840	1326	2294478	1441	363053	269	0.0741	0.0628	14359	192638	7.4539	0.0631
longphase_cophasing_gnn	14	1	v5bed	2017173	182311	2005774	767	2187079	826	343179	183	0.0533	0.0378				0.0382
longphase_cophasing_gnn	14	10	all	2106998	191915	2103439	1336	2295343	1439	361747	250	0.0691	0.0627	13208	191906	6.8825	0.0635
longphase_cophasing_gnn	14	10	v5bed	2017758	181594	2006380	757	2186941	810	341917	169	0.0494	0.0370				0.0377
longphase_cophasing_gnn	14	2	all	2108399	192222	2104855	1291	2297066	1377	362215	206	0.0569	0.0599	13015	192211	6.7712	0.0613
longphase_cophasing_gnn	14	2	v5bed	2019932	181894	2008544	717	2189432	759	342347	133	0.0388	0.0347				0.0357
longphase_cophasing_gnn	14	3	all	2108583	192062	2105056	1271	2297109	1369	362098	280	0.0773	0.0596	13423	192053	6.9892	0.0604
longphase_cophasing_gnn	14	3	v5bed	2019583	181761	2008242	698	2188987	765	342289	202	0.0590	0.0349				0.0348
longphase_cophasing_gnn	14	4	all	2108131	192229	2104638	1367	2296859	1444	362316	241	0.0665	0.0629	15417	192221	8.0205	0.0650
longphase_cophasing_gnn	14	4	v5bed	2018859	181863	2007505	776	2188385	818	342433	169	0.0494	0.0374				0.0387
longphase_cophasing_gnn	14	5	all	2106398	192229	2102994	1343	2295215	1435	362255	236	0.0651	0.0625	15786	192221	8.2124	0.0639
longphase_cophasing_gnn	14	5	v5bed	2018102	181987	2006843	757	2187861	806	342594	157	0.0458	0.0368				0.0377
longphase_cophasing_gnn	14	6	all	2106447	191798	2102966	1304	2294752	1388	361584	254	0.0702	0.0605	14247	191786	7.4286	0.0620
longphase_cophasing_gnn	14	6	v5bed	2017296	181594	2006002	721	2186561	777	341959	179	0.0523	0.0355				0.0359
longphase_cophasing_gnn	14	7	all	2107352	192078	2103877	1289	2295938	1368	362250	242	0.0668	0.0596	14179	192061	7.3826	0.0613
longphase_cophasing_gnn	14	7	v5bed	2018239	181841	2006886	739	2187736	780	342479	172	0.0502	0.0357				0.0368
longphase_cophasing_gnn	14	8	all	2106207	191903	2102758	1281	2294647	1383	361732	262	0.0724	0.0603	14062	191889	7.3282	0.0609
longphase_cophasing_gnn	14	8	v5bed	2017285	181571	2005986	726	2186566	784	341855	174	0.0509	0.0359				0.0362
longphase_cophasing_gnn	14	9	all	2107210	192300	2103754	1260	2296043	1337	362591	237	0.0654	0.0582	13507	192289	7.0243	0.0599
longphase_cophasing_gnn	14	9	v5bed	2018943	181992	2007659	707	2188636	745	342723	164	0.0479	0.0340				0.0352
longphase_cophasing_gnn	16	1	all	2149543	201149	2146445	1135	2347581	1217	378676	225	0.0594	0.0518	14414	201137	7.1663	0.0529
longphase_cophasing_gnn	16	1	v5bed	2057131	190270	2046014	566	2235247	606	357745	149	0.0416	0.0271				0.0277
longphase_cophasing_gnn	16	10	all	2148209	200949	2145088	1236	2346031	1317	378361	227	0.0600	0.0561	11954	200943	5.9490	0.0576
longphase_cophasing_gnn	16	10	v5bed	2057293	190251	2046176	594	2235395	640	357815	137	0.0383	0.0286				0.0290
longphase_cophasing_gnn	16	2	all	2147911	200861	2144816	1177	2345672	1270	378346	244	0.0645	0.0541	13148	200856	6.5460	0.0549
longphase_cophasing_gnn	16	2	v5bed	2056616	190120	2045534	591	2234602	645	357678	159	0.0445	0.0289				0.0289
longphase_cophasing_gnn	16	3	all	2147229	200884	2144113	1134	2344985	1207	378332	209	0.0552	0.0515	13690	200873	6.8153	0.0529
longphase_cophasing_gnn	16	3	v5bed	2056329	190150	2045233	564	2234291	599	357656	131	0.0366	0.0268				0.0276
longphase_cophasing_gnn	16	4	all	2147093	201021	2143997	1168	2345004	1243	378599	215	0.0568	0.0530	14233	201007	7.0808	0.0545
longphase_cophasing_gnn	16	4	v5bed	2056244	190240	2045143	569	2234341	610	357792	141	0.0394	0.0273				0.0278
longphase_cophasing_gnn	16	5	all	2149183	201264	2146056	1133	2347309	1234	378980	238	0.0628	0.0526	12153	201254	6.0386	0.0528
longphase_cophasing_gnn	16	5	v5bed	2058252	190484	2047122	580	2236583	631	358254	146	0.0408	0.0282				0.0283
longphase_cophasing_gnn	16	6	all	2147968	201189	2144869	1222	2346054	1311	378893	243	0.0641	0.0559	13226	201185	6.5740	0.0570
longphase_cophasing_gnn	16	6	v5bed	2056666	190487	2045538	624	2234981	661	358293	147	0.0410	0.0296				0.0305
longphase_cophasing_gnn	16	7	all	2148721	201001	2145595	1174	2346589	1257	378563	228	0.0602	0.0536	14964	200995	7.4450	0.0547
longphase_cophasing_gnn	16	7	v5bed	2056957	190128	2045826	577	2234936	615	357618	128	0.0358	0.0275				0.0282
longphase_cophasing_gnn	16	8	all	2147546	201214	2144397	1203	2345599	1261	378633	209	0.0552	0.0538	14174	201204	7.0446	0.0561
longphase_cophasing_gnn	16	8	v5bed	2056331	190482	2045178	615	2234587	638	357974	129	0.0360	0.0286				0.0301
longphase_cophasing_gnn	16	9	all	2149342	201175	2146290	1140	2347447	1236	378930	246	0.0649	0.0527	13656	201158	6.7887	0.0531
longphase_cophasing_gnn	16	9	v5bed	2058461	190396	2047397	599	2236747	664	358216	172	0.0480	0.0297				0.0293
longphase_cophasing_gnn	18	1	all	2169034	207367	2166124	1087	2373485	1180	390199	218	0.0559	0.0497	11755	207362	5.6688	0.0502
longphase_cophasing_gnn	18	1	v5bed	2076493	196257	2065501	513	2260676	551	368802	126	0.0342	0.0244				0.0248
longphase_cophasing_gnn	18	10	all	2170673	207648	2167861	1107	2375501	1181	390673	207	0.0530	0.0497	14245	207640	6.8604	0.0511
longphase_cophasing_gnn	18	10	v5bed	2077558	196492	2066656	505	2262053	542	369193	121	0.0328	0.0240				0.0244
longphase_cophasing_gnn	18	2	all	2171364	207392	2168502	1090	2375884	1176	390186	236	0.0605	0.0495	14239	207382	6.8661	0.0503
longphase_cophasing_gnn	18	2	v5bed	2077520	196188	2066586	496	2261680	542	368664	154	0.0418	0.0240				0.0240
longphase_cophasing_gnn	18	3	all	2169867	207547	2167053	1138	2374591	1216	390577	199	0.0510	0.0512	12846	207538	6.1897	0.0525
longphase_cophasing_gnn	18	3	v5bed	2077023	196340	2066139	537	2261400	575	369019	118	0.0320	0.0254				0.0260
longphase_cophasing_gnn	18	4	all	2171005	207629	2168113	1095	2375733	1168	390634	216	0.0553	0.0492	13796	207620	6.6448	0.0505
longphase_cophasing_gnn	18	4	v5bed	2078485	196468	2067480	506	2262879	545	369171	138	0.0374	0.0241				0.0245
longphase_cophasing_gnn	18	5	all	2170292	207605	2167464	1065	2375056	1150	390575	230	0.0589	0.0484	13730	207592	6.6139	0.0491
longphase_cophasing_gnn	18	5	v5bed	2076955	196392	2066006	482	2261308	523	369017	143	0.0388	0.0231				0.0233
longphase_cophasing_gnn	18	6	all	2170423	207572	2167563	1074	2375128	1151	390546	197	0.0504	0.0485	12996	207565	6.2612	0.0495
longphase_cophasing_gnn	18	6	v5bed	2077405	196427	2066431	463	2261784	501	369106	112	0.0303	0.0222				0.0224
longphase_cophasing_gnn	18	7	all	2171210	207496	2168354	1060	2375840	1131	390381	201	0.0515	0.0476	12909	207487	6.2216	0.0489
longphase_cophasing_gnn	18	7	v5bed	2077526	196315	2066552	484	2261808	516	368848	119	0.0323	0.0228				0.0234
longphase_cophasing_gnn	18	8	all	2169949	207617	2167102	1097	2374710	1157	390544	210	0.0538	0.0487	12354	207609	5.9506	0.0506
longphase_cophasing_gnn	18	8	v5bed	2077464	196394	2066532	534	2261847	563	369005	133	0.0360	0.0249				0.0258
longphase_cophasing_gnn	18	9	all	2169752	207728	2166910	1081	2374627	1152	390804	195	0.0499	0.0485	13290	207717	6.3981	0.0499
longphase_cophasing_gnn	18	9	v5bed	2077189	196558	2066274	496	2261739	538	369352	129	0.0349	0.0238				0.0240
longphase_cophasing_gnn	20	1	all	2181227	212123	2178564	1058	2390681	1124	398831	189	0.0474	0.0470	14488	212118	6.8302	0.0486
longphase_cophasing_gnn	20	1	v5bed	2087315	200668	2076518	429	2276090	452	376795	104	0.0276	0.0199				0.0207
longphase_cophasing_gnn	20	10	all	2180096	212281	2177450	978	2389724	1070	399187	215	0.0539	0.0448	13281	212274	6.2565	0.0449
longphase_cophasing_gnn	20	10	v5bed	2086494	200921	2075718	445	2275525	484	377315	119	0.0315	0.0213				0.0214
longphase_cophasing_gnn	20	2	all	2181741	211868	2179027	1003	2390887	1076	398364	185	0.0464	0.0450	13270	211860	6.2636	0.0460
longphase_cophasing_gnn	20	2	v5bed	2087860	200540	2077023	433	2276473	471	376609	118	0.0313	0.0207				0.0208
longphase_cophasing_gnn	20	3	all	2181253	212132	2178603	958	2390726	1045	398813	199	0.0499	0.0437	13555	212124	6.3901	0.0440
longphase_cophasing_gnn	20	3	v5bed	2088023	200693	2077227	433	2276815	471	376855	118	0.0313	0.0207				0.0208
longphase_cophasing_gnn	20	4	all	2181450	212437	2178793	937	2391218	1011	399329	203	0.0508	0.0423	11880	212427	5.5925	0.0430
longphase_cophasing_gnn	20	4	v5bed	2087441	200985	2076655	387	2276506	412	377368	116	0.0307	0.0181				0.0186
longphase_cophasing_gnn	20	5	all	2180767	212045	2178090	976	2390128	1054	398689	186	0.0467	0.0441	10809	212038	5.0977	0.0448
longphase_cophasing_gnn	20	5	v5bed	2087598	200741	2076756	421	2276374	457	376914	108	0.0287	0.0201				0.0203
longphase_cophasing_gnn	20	6	all	2180602	212321	2177906	948	2390219	1019	399153	203	0.0509	0.0426	13977	212313	6.5832	0.0435
longphase_cophasing_gnn	20	6	v5bed	2087005	200871	2076174	422	2275955	443	377212	107	0.0284	0.0195				0.0203
longphase_cophasing_gnn	20	7	all	2181792	212311	2179165	993	2391470	1072	399149	214	0.0536	0.0448	12269	212305	5.7790	0.0456
longphase_cophasing_gnn	20	7	v5bed	2088473	200790	2077699	441	2277392	473	377047	112	0.0297	0.0208				0.0212
longphase_cophasing_gnn	20	8	all	2180901	212185	2178259	972	2390437	1042	398852	193	0.0484	0.0436	13482	212178	6.3541	0.0446
longphase_cophasing_gnn	20	8	v5bed	2087576	200731	2076783	407	2276426	430	376863	100	0.0265	0.0189				0.0196
longphase_cophasing_gnn	20	9	all	2180463	212169	2177791	986	2389953	1066	398934	209	0.0524	0.0446	12018	212162	5.6645	0.0453
longphase_cophasing_gnn	20	9	v5bed	2086685	200738	2075919	454	2275566	492	376988	133	0.0353	0.0216				0.0219
longphase_cophasing_gnn	30	1	all	2194340	224236	2192217	863	2416451	943	420856	181	0.0430	0.0390	12530	224234	5.5879	0.0394
longphase_cophasing_gnn	30	1	v5bed	2101316	212319	2090992	281	2302135	307	397965	88	0.0221	0.0133				0.0134
longphase_cophasing_gnn	40	1	all	2195310	229475	2193488	745	2422960	826	430214	177	0.0411	0.0341	11306	229472	4.9270	0.0340
longphase_cophasing_gnn	40	1	v5bed	2103722	217353	2093664	215	2309810	248	406919	95	0.0233	0.0107				0.0103
longphase_cophasing_gnn	50	1	all	2193283	232684	2191656	678	2424340	742	436057	143	0.0328	0.0306	8850	232684	3.8034	0.0309
longphase_cophasing_gnn	50	1	v5bed	2103138	220610	2093305	179	2312692	206	412821	64	0.0155	0.0089				0.0086
longphase_cophasing_gnn	60	1	all	2191172	234414	2189726	585	2424139	651	439077	138	0.0314	0.0269	8111	234413	3.4601	0.0267
longphase_cophasing_gnn	60	1	v5bed	2101410	222262	2091736	154	2312769	178	415663	62	0.0149	0.0077				0.0074
whatshap_v28	10	1	all	1889881	169937	1885898	5101	2055813	7062	320213	2624	0.8195	0.3435	21610	169920	12.7177	0.2705
whatshap_v28	10	1	v5bed	1805780	160418	1794549	2726	1953982	4401	301940	2172	0.7193	0.2252				0.1519
whatshap_v28	10	10	all	1888697	169623	1884685	5273	2054271	7349	319560	2715	0.8496	0.3577	22008	169591	12.9771	0.2798
whatshap_v28	10	10	v5bed	1803855	160005	1792563	2722	1951553	4426	301067	2192	0.7281	0.2268				0.1518
whatshap_v28	10	2	all	1890536	169737	1886502	5036	2056208	7018	319690	2636	0.8245	0.3413	21354	169710	12.5826	0.2669
whatshap_v28	10	2	v5bed	1806090	160314	1794758	2751	1954063	4451	301573	2209	0.7325	0.2278				0.1533
whatshap_v28	10	3	all	1890020	170051	1886044	5228	2056074	7274	320331	2718	0.8485	0.3538	22029	170034	12.9556	0.2772
whatshap_v28	10	3	v5bed	1806456	160594	1795227	2764	1954816	4519	302172	2266	0.7499	0.2312				0.1540
whatshap_v28	10	4	all	1887499	169685	1883495	5101	2053147	7143	319573	2722	0.8518	0.3479	21111	169655	12.4435	0.2708
whatshap_v28	10	4	v5bed	1803725	160241	1792454	2607	1951693	4353	301390	2251	0.7469	0.2230				0.1454
whatshap_v28	10	5	all	1885312	169497	1881249	5230	2050721	7191	319362	2642	0.8273	0.3507	20754	169476	12.2460	0.2780
whatshap_v28	10	5	v5bed	1801342	160023	1789998	2848	1949005	4522	301097	2190	0.7273	0.2320				0.1591
whatshap_v28	10	6	all	1888638	169852	1884548	5249	2054369	7305	319989	2757	0.8616	0.3556	21734	169824	12.7980	0.2785
whatshap_v28	10	6	v5bed	1804030	160314	1792633	2718	1951911	4406	301640	2227	0.7383	0.2257				0.1516
whatshap_v28	10	7	all	1890584	169825	1886505	5217	2056307	7156	319969	2589	0.8091	0.3480	20709	169806	12.1957	0.2765
whatshap_v28	10	7	v5bed	1806921	160241	1795658	2776	1954875	4424	301575	2139	0.7093	0.2263				0.1546
whatshap_v28	10	8	all	1890878	169640	1886897	5151	2056515	7220	319795	2724	0.8518	0.3511	21136	169621	12.4607	0.2730
whatshap_v28	10	8	v5bed	1808055	160284	1796854	2783	1956129	4556	301775	2271	0.7525	0.2329				0.1549
whatshap_v28	10	9	all	1887562	169568	1883595	5151	2053134	7182	319437	2727	0.8537	0.3498	20444	169544	12.0582	0.2735
whatshap_v28	10	9	v5bed	1804337	160229	1793108	2735	1952341	4423	301423	2209	0.7329	0.2265				0.1525
whatshap_v28	12	1	all	2048905	192801	2045879	4965	2238652	7208	362741	2843	0.7838	0.3220	27136	192778	14.0763	0.2427
whatshap_v28	12	1	v5bed	1956839	181995	1945985	2384	2126856	4307	342003	2367	0.6921	0.2025				0.1225
whatshap_v28	12	10	all	2047308	192837	2044260	4993	2237085	7261	362866	2923	0.8055	0.3246	25977	192827	13.4717	0.2442
whatshap_v28	12	10	v5bed	1956188	181955	1945253	2419	2126146	4376	341952	2428	0.7100	0.2058				0.1244
whatshap_v28	12	2	all	2048251	192525	2045210	4917	2237720	7167	362326	2865	0.7907	0.3203	25974	192514	13.4920	0.2404
whatshap_v28	12	2	v5bed	1956537	181703	1945629	2373	2126252	4269	341594	2338	0.6844	0.2008				0.1220
whatshap_v28	12	3	all	2047577	192340	2044617	5036	2236934	7243	361784	2818	0.7789	0.3238	28479	192319	14.8082	0.2463
whatshap_v28	12	3	v5bed	1955266	181577	1944366	2369	2124850	4258	341091	2335	0.6846	0.2004				0.1218
whatshap_v28	12	4	all	2046922	192622	2043839	4829	2236445	7201	362407	2971	0.8198	0.3220	26865	192607	13.9481	0.2363
whatshap_v28	12	4	v5bed	1954470	181774	1943514	2308	2124177	4331	341591	2459	0.7199	0.2039				0.1188
whatshap_v28	12	5	all	2045791	192463	2042745	4983	2235182	7148	362000	2790	0.7707	0.3198	27026	192441	14.0438	0.2439
whatshap_v28	12	5	v5bed	1954776	181603	1943883	2410	2124343	4229	341155	2279	0.6680	0.1991				0.1240
whatshap_v28	12	6	all	2049896	192665	2046780	4843	2239421	7176	362477	2933	0.8092	0.3204	25983	192644	13.4876	0.2366
whatshap_v28	12	6	v5bed	1956464	181759	1945525	2279	2126197	4289	341540	2445	0.7159	0.2017				0.1171
whatshap_v28	12	7	all	2046963	192443	2043915	5002	2236337	7197	362115	2825	0.7801	0.3218	26757	192423	13.9053	0.2447
whatshap_v28	12	7	v5bed	1955469	181722	1944604	2325	2125204	4162	341506	2309	0.6761	0.1958				0.1196
whatshap_v28	12	8	all	2046171	192196	2043098	5216	2235266	7448	361588	2865	0.7923	0.3332	25791	192174	13.4207	0.2553
whatshap_v28	12	8	v5bed	1953449	181371	1942505	2408	2122794	4310	340810	2348	0.6889	0.2030				0.1240
whatshap_v28	12	9	all	2048836	192927	2045807	4975	2238710	7286	363078	2927	0.8062	0.3255	25844	192905	13.3973	0.2432
whatshap_v28	12	9	v5bed	1955646	182103	1944726	2329	2125790	4275	342294	2395	0.6997	0.2011				0.1198
whatshap_v28	14	1	all	2126108	207094	2123492	4541	2330573	6894	389225	2916	0.7492	0.2958	28687	207081	13.8530	0.2138
whatshap_v28	14	1	v5bed	2029368	195301	2018586	2032	2212717	4016	366646	2390	0.6519	0.1815				0.1007
whatshap_v28	14	10	all	2127340	206663	2124631	4699	2331275	7167	388355	3047	0.7846	0.3074	27030	206648	13.0802	0.2212
whatshap_v28	14	10	v5bed	2029653	194954	2018845	1964	2212607	4056	365901	2503	0.6841	0.1833				0.0973
whatshap_v28	14	2	all	2129951	206985	2127277	4475	2334251	6957	388912	3013	0.7747	0.2980	26524	206978	12.8149	0.2104
whatshap_v28	14	2	v5bed	2032691	195252	2021882	1886	2215989	4009	366407	2478	0.6763	0.1809				0.0933
whatshap_v28	14	3	all	2129560	206742	2126913	4427	2333638	6766	388576	2928	0.7535	0.2899	28054	206728	13.5705	0.2081
whatshap_v28	14	3	v5bed	2031629	194948	2020856	1983	2214634	3959	365976	2373	0.6484	0.1788				0.0981
whatshap_v28	14	4	all	2129189	206844	2126631	4749	2333457	7315	388814	3147	0.8094	0.3135	28929	206829	13.9869	0.2233
whatshap_v28	14	4	v5bed	2031379	195067	2020657	2022	2214608	4225	366247	2595	0.7085	0.1908				0.1001
whatshap_v28	14	5	all	2127916	206904	2125331	4773	2332218	7194	388816	2996	0.7705	0.3085	29940	206891	14.4714	0.2246
whatshap_v28	14	5	v5bed	2030563	195178	2019829	2079	2213863	4106	366397	2434	0.6643	0.1855				0.1029
whatshap_v28	14	6	all	2127026	206489	2124355	4529	2330821	6933	388157	2956	0.7615	0.2974	27388	206471	13.2648	0.2132
whatshap_v28	14	6	v5bed	2029363	194898	2018570	1934	2212290	4001	365945	2449	0.6692	0.1809				0.0958
whatshap_v28	14	7	all	2128323	206750	2125656	4509	2332383	6978	388714	3047	0.7839	0.2992	27938	206730	13.5142	0.2121
whatshap_v28	14	7	v5bed	2030723	195038	2019911	2055	2213796	4169	366213	2538	0.6930	0.1883				0.1017
whatshap_v28	14	8	all	2127678	206605	2125035	4684	2331619	7146	388293	3016	0.7767	0.3065	28508	206586	13.7996	0.2204
whatshap_v28	14	8	v5bed	2029627	194853	2018850	2011	2212566	4097	365760	2467	0.6745	0.1852				0.0996
whatshap_v28	14	9	all	2128066	206943	2125407	4517	2332337	7040	389129	3119	0.8015	0.3018	29382	206931	14.1989	0.2125
whatshap_v28	14	9	v5bed	2030892	195251	2020111	1951	2214207	4134	366656	2588	0.7058	0.1867				0.0966
whatshap_v28	16	1	all	2168618	216450	2166099	3972	2382531	6456	406221	3025	0.7447	0.2710	26648	216434	12.3123	0.1834
whatshap_v28	16	1	v5bed	2067917	204088	2057160	1647	2260070	3782	382559	2512	0.6566	0.1673				0.0801
whatshap_v28	16	10	all	2167323	216389	2164875	4133	2381243	6678	406277	3071	0.7559	0.2804	30390	216371	14.0453	0.1909
whatshap_v28	16	10	v5bed	2067851	204160	2057139	1703	2260107	3856	382893	2497	0.6521	0.1706				0.0828
whatshap_v28	16	2	all	2168262	216452	2165817	4267	2382245	6757	406447	2972	0.7312	0.2836	28482	216432	13.1598	0.1970
whatshap_v28	16	2	v5bed	2067328	204179	2056621	1641	2259584	3791	382916	2476	0.6466	0.1678				0.0798
whatshap_v28	16	3	all	2167323	216067	2164837	4121	2380884	6677	405735	3059	0.7539	0.2804	28278	216050	13.0886	0.1904
whatshap_v28	16	3	v5bed	2067622	203797	2056883	1605	2259440	3808	382190	2539	0.6643	0.1685				0.0780
whatshap_v28	16	4	all	2167289	216346	2164864	4129	2381198	6628	406302	2994	0.7369	0.2783	28506	216335	13.1768	0.1907
whatshap_v28	16	4	v5bed	2067254	204115	2056576	1606	2259516	3733	382847	2461	0.6428	0.1652				0.0781
whatshap_v28	16	5	all	2169153	216636	2166717	4142	2383336	6785	406669	3153	0.7753	0.2847	30910	216620	14.2692	0.1912
whatshap_v28	16	5	v5bed	2069403	204403	2058685	1658	2261934	3920	383233	2615	0.6824	0.1733				0.0805
whatshap_v28	16	6	all	2167157	216445	2164720	4356	2381151	6922	406426	3080	0.7578	0.2907	27960	216433	12.9185	0.2012
whatshap_v28	16	6	v5bed	2067329	204283	2056620	1686	2259701	3875	383091	2533	0.6612	0.1715				0.0820
whatshap_v28	16	7	all	2168412	216362	2165963	4202	2382306	6737	406175	3052	0.7514	0.2828	30831	216346	14.2508	0.1940
whatshap_v28	16	7	v5bed	2068007	203999	2057276	1658	2260117	3859	382520	2522	0.6593	0.1707				0.0806
whatshap_v28	16	8	all	2167370	216560	2164907	4289	2381448	6755	406326	2982	0.7339	0.2837	28322	216542	13.0792	0.1981
whatshap_v28	16	8	v5bed	2067404	204349	2056699	1711	2259835	3811	382942	2439	0.6369	0.1686				0.0832
whatshap_v28	16	9	all	2169354	216537	2166914	4349	2383431	7017	406607	3187	0.7838	0.2944	28858	216520	13.3281	0.2007
whatshap_v28	16	9	v5bed	2069216	204285	2058482	1672	2261586	3962	383168	2639	0.6887	0.1752				0.0812
whatshap_v28	18	1	all	2188128	223597	2185761	3955	2409343	6722	419429	3223	0.7684	0.2790	27695	223585	12.3868	0.1809
whatshap_v28	18	1	v5bed	2086971	210902	2076270	1426	2285918	3814	395110	2677	0.6775	0.1668				0.0687
whatshap_v28	18	10	all	2189352	223715	2186999	4130	2410696	6894	419500	3244	0.7733	0.2860	25374	223700	11.3429	0.1888
whatshap_v28	18	10	v5bed	2087411	211054	2076717	1506	2286538	3917	395293	2706	0.6846	0.1713				0.0725
whatshap_v28	18	2	all	2190696	223399	2188334	3890	2411715	6648	419068	3240	0.7731	0.2757	28200	223386	12.6239	0.1778
whatshap_v28	18	2	v5bed	2088017	210705	2077370	1447	2286844	3836	394757	2712	0.6870	0.1677				0.0697
whatshap_v28	18	3	all	2188850	223649	2186527	3855	2410163	6580	419637	3190	0.7602	0.2730	29262	223637	13.0846	0.1763
whatshap_v28	18	3	v5bed	2087460	210841	2076866	1467	2286460	3816	395104	2649	0.6705	0.1669				0.0706
whatshap_v28	18	4	all	2190472	223866	2188138	3787	2411989	6628	419840	3338	0.7951	0.2748	27192	223853	12.1473	0.1731
whatshap_v28	18	4	v5bed	2088772	211182	2078099	1404	2288068	3840	395551	2749	0.6950	0.1678				0.0676
whatshap_v28	18	5	all	2189057	223571	2186698	3728	2410256	6424	419353	3164	0.7545	0.2665	28038	223560	12.5416	0.1705
whatshap_v28	18	5	v5bed	2087449	210928	2076771	1437	2286478	3790	395139	2656	0.6722	0.1658				0.0692
whatshap_v28	18	6	all	2190539	223551	2188155	3893	2411689	6653	419243	3196	0.7623	0.2759	25714	223538	11.5032	0.1779
whatshap_v28	18	6	v5bed	2088170	210851	2077453	1423	2287073	3788	394957	2648	0.6705	0.1656				0.0685
whatshap_v28	18	7	all	2189944	223434	2187599	3863	2411018	6583	419115	3202	0.7640	0.2730	27901	223422	12.4880	0.1766
whatshap_v28	18	7	v5bed	2087580	210784	2076875	1404	2286449	3749	394855	2645	0.6699	0.1640				0.0676
whatshap_v28	18	8	all	2189191	223727	2186878	3995	2410585	6743	419602	3242	0.7726	0.2797	27590	223711	12.3329	0.1827
whatshap_v28	18	8	v5bed	2088146	211108	2077515	1513	2287407	3898	395453	2705	0.6840	0.1704				0.0728
whatshap_v28	18	9	all	2189132	223882	2186777	4059	2410633	6811	419960	3237	0.7708	0.2825	27837	223860	12.4350	0.1856
whatshap_v28	18	9	v5bed	2087430	211197	2076740	1451	2286702	3852	395684	2702	0.6829	0.1685				0.0699
whatshap_v28	20	1	all	2200436	228720	2198184	3441	2426891	6329	428742	3317	0.7737	0.2608	25022	228710	10.9405	0.1565
whatshap_v28	20	1	v5bed	2097671	215758	2087054	1264	2301579	3792	403892	2797	0.6925	0.1648				0.0606
whatshap_v28	20	10	all	2199108	229091	2196877	3608	2425949	6563	429416	3428	0.7983	0.2705	28600	229076	12.4849	0.1642
whatshap_v28	20	10	v5bed	2097160	216202	2086563	1343	2301512	3926	404723	2876	0.7106	0.1706				0.0644
whatshap_v28	20	2	all	2200009	228614	2197736	3522	2426333	6454	428406	3365	0.7855	0.2660	27176	228603	11.8879	0.1603
whatshap_v28	20	2	v5bed	2097637	215702	2086997	1328	2301466	3916	403726	2849	0.7057	0.1702				0.0636
whatshap_v28	20	3	all	2199395	228947	2197187	3744	2426115	6737	429093	3443	0.8024	0.2777	28394	228933	12.4028	0.1704
whatshap_v28	20	3	v5bed	2097459	216040	2086879	1324	2301683	3937	404435	2886	0.7136	0.1710				0.0634
whatshap_v28	20	4	all	2199601	228983	2197317	3757	2426280	6687	428989	3413	0.7956	0.2756	26459	228968	11.5558	0.1710
whatshap_v28	20	4	v5bed	2097065	215984	2086461	1269	2301180	3813	404181	2830	0.7002	0.1657				0.0608
whatshap_v28	20	5	all	2199091	228762	2196807	3689	2425553	6553	428658	3316	0.7736	0.2702	28481	228749	12.4508	0.1679
whatshap_v28	20	5	v5bed	2097361	215928	2086708	1324	2301372	3807	404122	2776	0.6869	0.1654				0.0634
whatshap_v28	20	6	all	2199358	229206	2197083	3811	2426271	6647	429501	3314	0.7716	0.2740	28590	229194	12.4741	0.1735
whatshap_v28	20	6	v5bed	2096844	216235	2086233	1313	2301233	3790	404764	2767	0.6836	0.1647				0.0629
whatshap_v28	20	7	all	2200223	228977	2198002	3794	2426962	6732	429102	3414	0.7956	0.2774	25706	228961	11.2272	0.1726
whatshap_v28	20	7	v5bed	2098179	216039	2087584	1326	2302387	3917	404359	2897	0.7164	0.1701				0.0635
whatshap_v28	20	8	all	2199211	228821	2196949	3743	2425753	6729	428821	3446	0.8036	0.2774	25725	228807	11.2431	0.1704
whatshap_v28	20	8	v5bed	2097285	215881	2086648	1296	2301308	3883	404081	2873	0.7110	0.1687				0.0621
whatshap_v28	20	9	all	2199321	228724	2197034	3718	2425738	6590	428752	3334	0.7776	0.2717	28385	228706	12.4111	0.1692
whatshap_v28	20	9	v5bed	2096738	215785	2086131	1325	2300666	3797	403999	2762	0.6837	0.1650				0.0635
whatshap_v28	30	1	all	2213472	243513	2211555	3027	2455055	6426	455362	3764	0.8266	0.2617	25252	243503	10.3703	0.1369
whatshap_v28	30	1	v5bed	2111152	229926	2100867	944	2329489	3942	429423	3224	0.7508	0.1692				0.0449
whatshap_v28	40	1	all	2215645	250622	2213967	2572	2464575	6399	468089	4135	0.8834	0.2596	27646	250611	11.0314	0.1162
whatshap_v28	40	1	v5bed	2114634	236750	2104560	767	2339967	4190	441610	3605	0.8163	0.1791				0.0364
whatshap_v28	50	1	all	2216012	254935	2214487	2346	2469408	6320	475834	4254	0.8940	0.2559	23020	254924	9.0301	0.1059
whatshap_v28	50	1	v5bed	2116074	240951	2106177	661	2345777	4281	449154	3777	0.8409	0.1825				0.0314
whatshap_v28	60	1	all	2215208	257426	2213812	2139	2471224	6255	480222	4377	0.9115	0.2531	25263	257417	9.8140	0.0966
whatshap_v28	60	1	v5bed	2116431	243386	2106652	584	2348677	4328	453433	3891	0.8581	0.1843				0.0277
